run.date,n.inj,plant.id.short,Ala,Gly,Thr,Ser,Val,Leu,Ile,Nle,Pro,Asp,Met,Glu,Phe,Lys,Arg,Ala_SD,Gly_SD,Thr_SD,Ser_SD,Val_SD,Leu_SD,Ile_SD,Nle_SD,Pro_SD,Asp_SD,Met_SD,Glu_SD,Phe_SD,Lys_SD,Arg_SD
20240930,2,BSB13,-16.49148965,-5.478972727,-10.71675225,-2.378775041,-24.27743765,-26.53711637,-17.6557327,NA,-13.47185116,-17.50545015,NA,-17.05162716,-25.85576775,-19.42385723,NA,0.637912481,0.196021257,0.285696226,0.731624448,0.351492532,0.251557813,0.313723339,1.194338311,0.470343492,0.535207436,NA,1.081094045,1.109468491,0.012342339,NA
20240930,3,HB2,-9.480822981,-4.184100932,-8.374409906,-3.480997263,-17.76743765,-19.73895123,-13.41658897,NA,-11.59985116,-10.44238709,-11.82472159,-14.38236309,-17.69558112,-13.32645464,NA,0.320303502,0.042035699,0.318500131,0.151644321,0.037589892,0.14777122,0.051643005,0.090732207,0.094170059,0.169555301,0.352851716,0.271444899,0.109769455,0.146841184,NA
20240930,2,HB5,-11.38837854,-6.467317716,-6.722007504,-4.896997263,-17.76943765,-19.44231515,-12.7028275,NA,-9.54285116,-9.681125825,-9.57005492,-13.98193019,-17.8023722,-12.99456431,NA,0.077781746,0.055154329,0.097580736,0.130107648,0.032526912,0.041012193,0.084852814,0.052325902,0.22839549,0.06151829,0.135764502,0.202939646,0.096166522,0.004242641,NA
20240930,3,HN1,-10.90926743,-5.206245454,-7.375911408,-4.311219486,-17.30610432,-19.70959344,-12.16337796,NA,-9.574517827,-9.132076776,-11.21872159,-14.00400812,-15.73705339,-11.73843155,NA,0.167780611,0.086742915,0.173730634,0.058449408,0.022188586,0.234344476,0.13066369,0.06835203,0.156797109,0.137769131,0.098195383,0.176076688,0.093209442,0.089511638,NA
20240930,3,HN2,-11.86660076,-9.326292074,-11.4217072,-6.702330597,-18.23677098,-19.87778916,-12.66796511,NA,-9.249184493,-10.48442913,-11.19872159,-13.48106439,-16.96929807,-12.52558884,NA,0.18115279,0.146018264,0.134838175,0.224888861,0.199309642,0.039145029,0.073573093,0.149349701,0.26106768,0.07014984,0.240200611,0.094732958,0.198101826,0.228353527,NA
20240930,3,HT1,-11.75637854,-6.247037995,-7.921707203,-4.182330597,-16.82543765,-19.02090842,-12.35909661,NA,-9.15585116,-9.658603302,-11.10872159,-12.89751461,-16.5981213,-11.81418912,NA,0.02116601,0.16431981,0.0633114,0.138596537,0.125008,0.11669333,0.227201086,0.049095146,0.250896393,0.044933284,0.132850793,0.145371937,0.015044379,0.208433043,NA
20240930,3,HT3,-13.01682298,-9.87174662,-10.87440991,-6.246330597,-17.81743765,-19.82702463,-12.80496817,NA,-8.933184493,-10.77371842,-9.362721587,-13.95292586,-17.0522426,-12.35820067,NA,0.018903263,0.234973048,0.82312656,0.528756087,0.294572572,0.182407054,0.065255907,0.103616279,0.569189189,0.089399851,0.31441586,0.056659804,0.179789692,0.190937162,NA
20240920,3,BSB8,-17.4046452,-6.775301399,-10.51911711,-0.955397263,-22.93783765,-27.0698075,-18.28976939,NA,-15.10565116,-17.96646116,-25.07232159,-17.56556656,-27.84236702,-19.39900153,NA,0.562465999,0.29850349,0.626402693,0.857728978,0.206084934,0.438064303,0.713194457,0.940071451,0.299314216,0.452266883,0.636012841,0.327977133,0.328986829,0.365706166,NA
20240920,3,CFu1.10,-28.91486743,-24.9792641,-21.94479279,-21.14917504,-36.84650432,-39.07225399,-32.39924952,NA,-28.41965116,-25.24373844,-28.17232159,-29.07898647,-37.97767029,-29.78500442,NA,0.11184066,0.218765476,0.120902164,0.158421379,0.104892008,0.046198846,0.063976558,0.127162626,0.122747709,0.070788417,0.360680376,0.144918368,0.117508865,0.106627076,NA
20240920,3,CFu1.DD,-30.1006452,-23.381362,-21.00785585,-18.9927306,-37.26583765,-39.30772799,-32.18212413,NA,-29.54765116,-26.18668138,-28.76698825,-30.20279599,-37.97611508,-29.40838104,NA,0.101680873,0.182000916,0.194054975,0.077349855,0.019697716,0.188119643,0.226310259,0.065576927,0.183608279,0.086712168,0.144534886,0.123184144,0.138868043,0.222845986,NA
20240920,3,RPs1,-28.9486452,-24.39651352,-22.84869669,-20.02739726,-37.28050432,-40.08876775,-36.59435655,NA,-31.19565116,-29.81430901,-34.08165492,-30.53786093,-37.65314981,-30.34993949,NA,0.129294238,0.263357172,0.326381678,0.316558052,0.220014393,0.268384674,0.189637373,0.138276293,0.382720525,0.260132658,0.313507576,0.072500575,0.104110518,0.129947425,NA
20240920,3,CFu2.10,-32.68908965,-32.27063939,-24.71130931,-10.99361949,-39.38850432,-40.23555674,-32.54665013,NA,-28.38765116,-27.85034504,-31.10965492,-30.77162716,-37.85584551,-30.30232044,NA,0.348218801,0.23296137,0.010816654,0.359842095,0.188282589,0.352159528,0.02548202,0.229317102,0.112800709,0.19391493,0.516756229,0.100201464,0.071765823,0.075738585,NA
20240920,3,CFu2.DD,-32.35842298,-32.96994009,-22.51761561,-6.369619486,-38.81717098,-40.87898182,-33.39986114,NA,-28.76165116,-27.59709179,-31.60365492,-29.57682197,-38.2301327,-29.63926127,NA,0.047353282,0.500548699,0.648500578,0.353300627,0.35737422,0.199302116,0.086396373,0.112828779,0.350565258,0.18845247,0.315387064,0.108836268,0.285574859,0.152302331,NA
20240920,2,RPs2,-28.1006452,-23.3755345,-20.16513813,-7.431397263,-40.68683765,-40.87745276,-36.78548805,NA,-33.36365116,-31.01551021,-37.83265492,-31.34868344,-37.73635354,-30.34164223,NA,0.268700577,0.520430591,0.355674711,0.297691955,0.508409776,0.119501046,0.060104076,0.189504617,0.540229581,0.420021428,0.417900108,0.436284884,0.24819448,0.023334524,NA
20240919,2,BSBS5,-16.9918452,-6.652982051,-11.8961066,-2.74846393,-23.25003765,-27.10598487,-18.62062566,NA,-14.11505116,-18.82917387,-26.07185492,-16.48660552,-26.84591808,-18.69001885,NA,0.468811796,0.35143207,0.02192031,0.683772257,0.047376154,0.242537626,0.306884343,0.403757972,0.005656854,0.014142136,0.251022907,0.295570635,0.069296465,0.41082904,NA
20240919,3,CFr1,-18.5718452,-14.32489347,-15.39873423,-12.62179726,-27.17903765,-29.31118365,-21.03408132,NA,-18.09971783,-16.98533003,-20.47152159,-21.7645276,-27.43015862,-20.32818624,NA,0.072332565,0.054848276,0.298007271,0.159009434,0.10966768,0.167703111,0.268652812,0.251615447,0.414338429,0.120312094,0.387631698,0.129549218,0.455440812,0.054261711,NA
20240919,3,CIs1,-16.65895631,-12.7514669,-12.65999549,-7.983575041,-27.37237098,-29.69405827,-19.63775105,NA,-18.79705116,-14.00334805,-18.10418825,-21.59396483,-27.02217521,-18.06339547,NA,0.076067952,0.138442527,0.14755451,0.032883633,0.134745439,0.027221315,0.266325615,0.171292148,0.090072193,0.013892444,0.0384751,0.079757967,0.131153854,0.184257971,NA
20240919,3,CCa2,-15.76740076,-11.74447389,-14.62471021,-9.140908374,-24.78637098,-28.1215812,-19.07139019,NA,-19.13638449,-15.29964434,-18.33218825,-20.4701553,-25.88842716,-18.34405925,NA,0.253582991,0.102295324,0.32889512,0.054638204,0.086500482,0.063411355,0.307379787,0.365318126,0.071304511,0.042335958,0.176593696,0.144990804,0.183347575,0.10873975,NA
20240919,3,CFr2,-19.80740076,-16.37850653,-16.9220075,-12.96401949,-26.80303765,-29.66959344,-20.43836267,NA,-18.86438449,-17.62897367,-21.38085492,-20.70478734,-27.84125245,-19.34694526,NA,0.018929694,0.096348326,0.243981557,0.163882071,0.066430415,0.109865069,0.055220769,0.124676916,0.086407947,0.064127477,0.198365824,0.161055891,0.151357193,0.195675752,NA
20240919,3,CIs2,-17.96917854,-13.34354149,-11.0729084,-5.675130597,-26.93703765,-31.1478809,-20.9129804,NA,-20.33971783,-16.39674144,-20.80685492,-20.84331547,-26.68521305,-16.36281827,NA,0.156502396,0.143146778,0.366920972,0.058129167,0.073123184,0.18515219,0.289621017,0.183088321,0.491107252,0.353427503,0.94649934,0.147906502,0.241048405,0.043821608,NA
20240919,3,CCa1,-16.83140076,-13.11976527,-12.04287837,-6.143575041,-25.06037098,-29.6598075,-20.89035043,NA,-19.82971783,-18.01435906,-21.89018825,-19.01647565,-26.18495385,-16.7928327,NA,0.12434361,0.248783038,0.334921384,0.126040999,0.023755701,0.193995704,0.497497739,0.115222972,0.166566303,0.235143219,0.096821141,0.113079618,0.195491688,0.097370427,NA
20240918,4,BSB6,-15.60886743,-7.369415618,-8.988711708,3.720380514,-22.45550432,-26.7167494,-18.17478468,NA,-16.49098449,-17.75274745,-25.69932159,-15.53439773,-27.92751477,-20.45816459,NA,0.446821646,0.714423311,1.07028606,0.910076325,0.577783408,0.688372719,0.6105879,0.546652236,0.283948939,0.644240315,1.328282475,0.528803051,0.258040049,0.879516297,NA
20240918,3,DHo1.10,-14.93397854,-14.84260909,-8.656692188,-6.79406393,-23.35317098,-26.33479221,-19.25353086,NA,-13.59598449,-16.03277748,-17.43298825,-13.67032846,-25.89692897,-19.3890809,NA,0.273746842,0.123054189,0.25742248,0.584347785,0.170986354,0.193681009,0.232775285,0.039259818,0.192875608,0.041218928,0.87424272,0.132477671,0.472345566,1.003680394,NA
20240918,3,LDi1,-12.71620076,-13.06521981,-8.071857354,-8.55406393,-22.50983765,-26.46751393,-17.42294982,NA,-15.51331783,-13.37311782,-16.17965492,-14.96989556,-25.99801762,-17.03987455,NA,0.290645833,0.229941297,0.555587377,0.193768763,0.181582855,0.460836558,0.433086596,0.236053666,0.176539892,0.041356176,0.521682215,0.151014348,0.202786423,0.042790186,NA
20240918,3,DHo2.10,-15.70108965,-15.57454382,-10.19648198,-10.22161949,-24.06850432,-26.05161179,-19.19665013,NA,-13.94865116,-16.51726196,-18.10365492,-15.00279599,-25.81813167,-16.92154843,NA,0.490005442,0.403832061,0.547204715,0.415197543,0.186876965,0.297181763,0.337209628,0.118934155,0.122871206,0.057239264,0.489469441,0.054040109,0.180912502,0.158934997,NA
20240918,3,DHo1.23,-13.42731187,-16.39156014,-9.167202699,-6.73806393,-21.90583765,-24.43693289,-19.65964707,NA,-12.03331783,-13.50524995,-17.66098825,-11.83136742,-24.16338828,-15.62140413,NA,0.493001352,0.228073088,0.408611062,1.460893676,0.557329645,1.182737503,0.643375474,0.383622644,0.501214857,0.191419261,0.537088757,0.086961677,0.210050788,0.304828367,NA
20240918,3,DHo2.23,-14.17220076,-16.65729441,-9.415701197,-9.022508374,-22.28117098,-25.16353839,-20.269433,NA,-11.20465116,-13.84058528,-17.67232159,-11.52227651,-23.31839087,-15.45257296,NA,0.195,0.876180537,0.399807871,0.651162294,0.662294748,0.442105191,0.735544243,0.194059269,0.528503863,0.559686519,0.386224028,0.531686311,0.328579265,0.458451015,NA
20240918,3,LDi2,-16.09308965,-17.44284219,-6.683719215,-5.009175041,-22.48450432,-25.66323258,-15.76239936,NA,-13.87065116,-14.01375846,-14.52698825,-14.72227651,-26.53456505,-17.22169273,NA,0.155262144,0.210893338,0.163286048,0.036018514,0.195240877,0.269629993,0.419307763,0.14521134,0.302460466,0.055770362,0.471402517,0.128593675,0.401741625,0.416090134,NA
20240717,2,BSB11,-18.37753409,-23.30181655,-10.95398949,2.156158292,-19.93917098,-27.01736102,-17.63732291,NA,-11.52098449,-25.1589036,-28.81965492,-20.33786093,-24.80672679,-22.65062491,NA,0.610940259,0.851356565,0.873983982,0.134350288,0.480832611,0.636396103,0.484368145,0.860548953,0.535279833,0.014142136,1.988384269,0.106066017,0.091923882,1.064195706,NA
20240717,3,SNa1,-13.4886452,-25.52209627,-12.38867417,-13.31584171,-19.74917098,-24.4283702,-18.40398958,NA,-13.57465116,-19.43718188,-22.33298825,-21.57941937,-23.24374079,-20.45473747,NA,0.238298832,0.272930394,0.386586342,0.154068167,0.098239503,0.223577727,0.553044603,0.333591067,0.495040739,0.387485914,0.996254987,0.06458328,0.699154489,0.260674126,NA
20240717,3,SNa2,-8.85931187,-20.29482354,-7.361647143,-7.784286152,-17.51317098,-22.03754451,-16.27187949,NA,-12.02598449,-17.43517988,-19.87365492,-20.83309902,-21.84042301,-21.74189475,NA,0.334948255,0.162529997,0.438875837,0.217672537,0.390726247,0.27652848,0.189637373,0.190421462,0.124181319,0.229301112,0.547300649,0.113957594,0.269221718,0.614613971,NA
20240717,3,SFi1,-14.50908965,-24.31230606,-9.002037534,-8.869619486,-18.56583765,-26.14580139,-15.61866848,NA,-14.44931783,-15.68042512,-18.04898825,-19.23483063,-24.43399481,-25.01101452,NA,0.123228785,0.453489801,0.255061431,0.294622357,0.23307581,0.023643181,0.18095948,0.256110002,0.46606044,0.049521039,0.727366712,0.118681647,0.145894939,3.390412807,NA
20240717,3,SFi2,-14.63442298,-25.48130373,-8.656692188,-9.505175041,-17.67783765,-25.64243747,-14.46698652,NA,-11.34665116,-17.4531979,-15.93698825,-19.74305573,-23.78236184,-27.78157729,NA,0.205685034,0.085582319,0.174859944,0.081221918,0.272518501,0.039803685,0.190340047,0.15981969,0.427289519,0.015716234,0.327893784,0.135014814,0.156090786,1.19454259,NA
20240717,3,SFI2,-18.69931187,-28.32396107,-8.864650146,-9.236730597,-20.49783765,-26.46996041,-15.17585502,NA,-11.69865116,-23.84358829,NA,-21.69283928,-24.76577293,-25.75343876,NA,0.131507921,0.175032378,0.080313967,0.486041493,0.091675151,0.166602321,0.224648615,0.240543828,0.242011019,0.243209786,NA,0.1068098,0.121166552,0.16992057,NA
20240910,3,BSB1,-16.83331187,-12.24131187,-26.52397854,-16.1986452,-19.83953409,-23.38620076,-16.05997854,-41.03153409,-8.631534092,-16.58086743,NA,-13.06175631,-26.21108965,-18.12308965,NA,0.52102879,0.570523444,1.773526431,1.640502057,0.523670062,0.70040869,0.683880106,0.475947826,0.198444787,0.248524311,NA,0.177894163,1.17967552,0.225047402,NA
20240910,3,ZB2,-6.08,-12.27,-20.11,-14.55,-7.94,-9.66,-6.53,-35.96,2.67,-8.96,NA,-6.49,-9.57,-6.23,NA,0.428423856,0.853493019,0.207530721,0.494163266,0.532423077,0.70823819,0.177398797,0.225637615,0.346417859,0.220746461,NA,0.528743164,0.527566426,0.597975195,NA
20240910,3,ZB4,-5.46,-12.84,-20.84,-17.2,-5.39,-7.45,-4.53,-35.99,2.3,-9.65,NA,-7.52,-6.05,-4.12,NA,0.248890203,0.333602058,0.069038637,0.204235975,0.034034296,0.124668895,0.389123802,0.6745223,0.58313549,0.162961141,NA,0.379429835,0.170766898,0.206110003,NA
20240910,3,ZN1,-3.59,-12.42,-19.61,-12.46,-3.41,-5.06,-5.08,-36.78,0.99,-9.06,NA,-5.8,-3,-2.11,NA,0.193277866,0.209132334,0.229227689,0.526077307,0.147974097,0.088092754,0.216889373,0.129641814,0.110608921,0.01123981,NA,0.088861315,0.171421508,0.133665004,NA
20240910,3,ZN2,-3.29,-10.36,-19.39,-10.76,-5.36,-6.03,-5.65,-37.67,0.66,-8.94,6.46,-6.89,-2.71,-3.69,NA,0.115483043,0.167738884,0.400792132,0.686448104,0.115676272,0.144696234,0.311907572,0.130726177,0.208576924,0.14117011,0.419945631,0.3381129,0.358814715,0.233210206,NA
20240910,2,ZT1,-9.31,-15.01,-24.77,-10.12,-9.95,-10.03,-7.78,-37.52,2.08,-10.2,-8.81,-7.83,-8.19,-6.39,NA,0.111015765,0.053740115,0.320319372,0.517602164,0.296984848,0.065053824,0.173241161,0.367695526,0.231931024,0.009899495,NA,0.021213203,1.163897762,0.332340187,NA
20240910,2,ZT2,-9.01,-13.71,-17.96,-5.09,-6.57,-7.58,-5.69,-38.17,2,-8.04,NA,-5.99,-8.05,-7.32,NA,0.036062446,0.482246825,0.298399062,0.557200144,0.034648232,0.050204581,0.013435029,1.560584666,0.176069589,0.091216775,NA,0.089802561,0.200818326,0.120208153,NA
,,,,,,,,,,,,,,,,,,,,,,,,,,,,,,,,
,,,,,,,,,,,,,,,,,,,,,,,,,,,,,,,,
,,,,,,,,,,,,,,,,,,,,,,,,,,,,,,,,
,,,,,,,,,,,,,,,,,,,,,,,,,,,,,,,,
,,,,,,,,,,,,,,,,,,,,,,,,,,,,,,,,
,,,,,,,,,,,,,,,,,,,,,,,,,,,,,,,,
,,,,,,,,,,,,,,,,,,,,,,,,,,,,,,,,
,,,,,,,,,,,,,,,,,,,,,,,,,,,,,,,,
,,,,,,,,,,,,,,,,,,,,,,,,,,,,,,,,
,,,,,,,,,,,,,,,,,,,,,,,,,,,,,,,,
,,,,,,,,,,,,,,,,,,,,,,,,,,,,,,,,
,,,,,,,,,,,,,,,,,,,,,,,,,,,,,,,,
,,,,,,,,,,,,,,,,,,,,,,,,,,,,,,,,
,,,,,,,,,,,,,,,,,,,,,,,,,,,,,,,,
,,,,,,,,,,,,,,,,,,,,,,,,,,,,,,,,
,,,,,,,,,,,,,,,,,,,,,,,,,,,,,,,,
,,,,,,,,,,,,,,,,,,,,,,,,,,,,,,,,
,,,,,,,,,,,,,,,,,,,,,,,,,,,,,,,,
,,,,,,,,,,,,,,,,,,,,,,,,,,,,,,,,
,,,,,,,,,,,,,,,,,,,,,,,,,,,,,,,,
,,,,,,,,,,,,,,,,,,,,,,,,,,,,,,,,
,,,,,,,,,,,,,,,,,,,,,,,,,,,,,,,,
,,,,,,,,,,,,,,,,,,,,,,,,,,,,,,,,
,,,,,,,,,,,,,,,,,,,,,,,,,,,,,,,,
,,,,,,,,,,,,,,,,,,,,,,,,,,,,,,,,
,,,,,,,,,,,,,,,,,,,,,,,,,,,,,,,,
,,,,,,,,,,,,,,,,,,,,,,,,,,,,,,,,
,,,,,,,,,,,,,,,,,,,,,,,,,,,,,,,,
,,,,,,,,,,,,,,,,,,,,,,,,,,,,,,,,
,,,,,,,,,,,,,,,,,,,,,,,,,,,,,,,,
,,,,,,,,,,,,,,,,,,,,,,,,,,,,,,,,
,,,,,,,,,,,,,,,,,,,,,,,,,,,,,,,,
,,,,,,,,,,,,,,,,,,,,,,,,,,,,,,,,
,,,,,,,,,,,,,,,,,,,,,,,,,,,,,,,,
,,,,,,,,,,,,,,,,,,,,,,,,,,,,,,,,
,,,,,,,,,,,,,,,,,,,,,,,,,,,,,,,,
,,,,,,,,,,,,,,,,,,,,,,,,,,,,,,,,
,,,,,,,,,,,,,,,,,,,,,,,,,,,,,,,,
,,,,,,,,,,,,,,,,,,,,,,,,,,,,,,,,
,,,,,,,,,,,,,,,,,,,,,,,,,,,,,,,,
,,,,,,,,,,,,,,,,,,,,,,,,,,,,,,,,
,,,,,,,,,,,,,,,,,,,,,,,,,,,,,,,,
,,,,,,,,,,,,,,,,,,,,,,,,,,,,,,,,
,,,,,,,,,,,,,,,,,,,,,,,,,,,,,,,,
,,,,,,,,,,,,,,,,,,,,,,,,,,,,,,,,
,,,,,,,,,,,,,,,,,,,,,,,,,,,,,,,,
,,,,,,,,,,,,,,,,,,,,,,,,,,,,,,,,
,,,,,,,,,,,,,,,,,,,,,,,,,,,,,,,,
,,,,,,,,,,,,,,,,,,,,,,,,,,,,,,,,
,,,,,,,,,,,,,,,,,,,,,,,,,,,,,,,,
,,,,,,,,,,,,,,,,,,,,,,,,,,,,,,,,
,,,,,,,,,,,,,,,,,,,,,,,,,,,,,,,,
,,,,,,,,,,,,,,,,,,,,,,,,,,,,,,,,
,,,,,,,,,,,,,,,,,,,,,,,,,,,,,,,,
,,,,,,,,,,,,,,,,,,,,,,,,,,,,,,,,
,,,,,,,,,,,,,,,,,,,,,,,,,,,,,,,,
,,,,,,,,,,,,,,,,,,,,,,,,,,,,,,,,
,,,,,,,,,,,,,,,,,,,,,,,,,,,,,,,,
,,,,,,,,,,,,,,,,,,,,,,,,,,,,,,,,
,,,,,,,,,,,,,,,,,,,,,,,,,,,,,,,,
,,,,,,,,,,,,,,,,,,,,,,,,,,,,,,,,
,,,,,,,,,,,,,,,,,,,,,,,,,,,,,,,,
,,,,,,,,,,,,,,,,,,,,,,,,,,,,,,,,
,,,,,,,,,,,,,,,,,,,,,,,,,,,,,,,,
,,,,,,,,,,,,,,,,,,,,,,,,,,,,,,,,
,,,,,,,,,,,,,,,,,,,,,,,,,,,,,,,,
,,,,,,,,,,,,,,,,,,,,,,,,,,,,,,,,
,,,,,,,,,,,,,,,,,,,,,,,,,,,,,,,,
,,,,,,,,,,,,,,,,,,,,,,,,,,,,,,,,
,,,,,,,,,,,,,,,,,,,,,,,,,,,,,,,,