Image ID,Image name,Annotation status,Points,Acropora cervicornis,Acropora palmata,Agaricia agaricites,Agaricia lamarcki,Agaricia spp.,Agaricia tenuifolia,Bleached Acropora,Bleached Diploria labyrinthiformes,Bleached Orbicella,Bleached Porites astreoides,Colpophyllia natans,Diploria labyrinthiformis,Diploria strigosa,Favia fragum,Hard Coral Massive,Madracis,Meandrina meandrites,Montastraea cavernosa,Orbicella annularis,Orbicella faveolata,Orbicella franksi,Porites astreoides,Porites (branching),Porites furcata,Porites (massive),Porites porites,Siderastrea siderea,Stephanocoenia intersepta,51_encrusting_octocoral,51_massive_octocoral,Boring sponge,Corallimorpharia,Ctenoides scaber,Diadema antillarum,Echinoderms: Ophiuroids,Echinometra spp,Encrusting sponge,Individual Tunicates,Mat tunicate,Millepora alcicornis,Millepora bleached,Millepora complanata,Palythoa,Rope sponge,Sabellidae,Sea anemone,Soft Coral,Sponge,Sponge: Cliona,Sponge (massive),Vase sponge,Zoanthus,Sand,Bare Substrate,"Crustose, turf, bare",Dead Agaricia,Dead coral,Dead coral with turf algae,Shell/ Shell Hash,Broken coral rubble,CRED-Shadow,Cyanobacteria,Cyanobacteria films,Debris,Framer,Mobile fauna,Rubble,Transect Tape,Trash,Algae (fleshy),"Brown algae, unidentified",Brown encrusting alga,Calcifying algae: Halimeda,Caulerpa,CCA white to greenish,Crustose coralline algae,Cyanobacteria on rock or other substrates,Dead Halimeda,Dichotomaria,Dictyota,Halimeda Fleshy Algae Mix,Lobophora,Macroalgae,Macroalgae: Articulated calcareous,Peyssonnelia,Red ALgae,"Red algae, filamentous",Red CCA,Turf algae,Turf and sand,Turf growing on hard substrate,Turf on rubble,Unidentified Green Algae,Ventricaria sp.,Thalassia testudinum
1767589,Almirante_000m_20171113_T3.JPG,Confirmed,100,0.000,0.000,0.000,0.000,0.000,0.000,0.000,0.000,0.000,0.000,0.000,0.000,0.000,0.000,0.000,0.000,0.000,0.000,0.000,0.000,0.000,0.000,0.000,0.000,0.000,0.000,0.000,0.000,0.000,0.000,1.000,0.000,0.000,0.000,0.000,3.000,2.000,0.000,0.000,0.000,0.000,0.000,0.000,3.000,0.000,8.000,0.000,2.000,0.000,0.000,0.000,1.000,47.000,0.000,0.000,0.000,0.000,21.000,0.000,0.000,0.000,0.000,0.000,0.000,0.000,0.000,0.000,0.000,0.000,0.000,0.000,0.000,0.000,0.000,0.000,0.000,0.000,0.000,0.000,0.000,0.000,0.000,0.000,2.000,0.000,0.000,0.000,0.000,0.000,5.000,0.000,5.000,0.000,0.000,0.000
1767590,Almirante_002m_20171113_T3.JPG,Confirmed,100,0.000,0.000,0.000,0.000,0.000,14.000,0.000,0.000,0.000,0.000,0.000,0.000,0.000,0.000,0.000,0.000,0.000,0.000,0.000,0.000,0.000,0.000,0.000,0.000,0.000,0.000,0.000,0.000,0.000,0.000,0.000,0.000,1.000,0.000,0.000,5.000,1.000,0.000,0.000,0.000,0.000,0.000,0.000,1.000,0.000,0.000,0.000,2.000,0.000,0.000,9.000,0.000,54.000,0.000,0.000,1.000,0.000,10.000,0.000,0.000,0.000,0.000,0.000,0.000,1.000,0.000,0.000,0.000,0.000,0.000,0.000,0.000,0.000,0.000,0.000,0.000,0.000,0.000,0.000,0.000,0.000,0.000,0.000,0.000,0.000,0.000,0.000,1.000,0.000,0.000,0.000,0.000,0.000,0.000,0.000
1767591,Almirante_004m_20171113_T3.JPG,Confirmed,100,0.000,0.000,0.000,0.000,1.000,0.000,0.000,0.000,0.000,0.000,0.000,0.000,0.000,0.000,0.000,0.000,0.000,0.000,0.000,0.000,0.000,0.000,0.000,0.000,0.000,0.000,0.000,0.000,0.000,0.000,0.000,0.000,0.000,0.000,0.000,1.000,1.000,0.000,0.000,0.000,0.000,0.000,0.000,11.000,1.000,3.000,0.000,5.000,0.000,0.000,4.000,13.000,30.000,0.000,0.000,4.000,0.000,7.000,0.000,0.000,0.000,0.000,0.000,0.000,0.000,1.000,0.000,0.000,0.000,0.000,0.000,0.000,0.000,0.000,0.000,0.000,0.000,0.000,0.000,0.000,0.000,0.000,0.000,0.000,0.000,0.000,0.000,0.000,0.000,0.000,0.000,18.000,0.000,0.000,0.000
1767592,Almirante_006m_20171113_T3.JPG,Confirmed,100,0.000,0.000,0.000,0.000,5.000,0.000,0.000,0.000,0.000,0.000,0.000,0.000,0.000,0.000,0.000,0.000,0.000,0.000,0.000,0.000,0.000,0.000,0.000,0.000,0.000,0.000,0.000,0.000,0.000,0.000,0.000,0.000,0.000,0.000,0.000,2.000,2.000,1.000,0.000,0.000,0.000,0.000,0.000,1.000,0.000,2.000,0.000,1.000,0.000,0.000,0.000,7.000,63.000,0.000,0.000,0.000,0.000,12.000,0.000,0.000,0.000,0.000,0.000,0.000,1.000,0.000,0.000,0.000,0.000,0.000,0.000,0.000,0.000,0.000,0.000,0.000,0.000,0.000,0.000,0.000,0.000,0.000,0.000,0.000,0.000,0.000,0.000,0.000,0.000,0.000,0.000,3.000,0.000,0.000,0.000
1767593,Almirante_008m_20171113_T3.JPG,Confirmed,100,0.000,0.000,0.000,0.000,4.000,0.000,0.000,0.000,0.000,0.000,0.000,0.000,0.000,0.000,0.000,0.000,0.000,0.000,0.000,0.000,0.000,0.000,0.000,0.000,0.000,0.000,0.000,0.000,0.000,0.000,1.000,0.000,0.000,0.000,0.000,2.000,3.000,0.000,0.000,0.000,0.000,0.000,0.000,0.000,0.000,1.000,0.000,1.000,0.000,0.000,0.000,0.000,59.000,0.000,0.000,0.000,0.000,17.000,0.000,0.000,0.000,0.000,0.000,0.000,1.000,0.000,0.000,0.000,0.000,0.000,0.000,0.000,0.000,0.000,0.000,0.000,0.000,0.000,0.000,0.000,0.000,0.000,0.000,0.000,0.000,0.000,0.000,0.000,0.000,0.000,3.000,8.000,0.000,0.000,0.000
1767594,Almirante_010m_20171113_T3.JPG,Confirmed,100,0.000,0.000,0.000,0.000,2.000,0.000,0.000,0.000,0.000,0.000,0.000,0.000,0.000,0.000,0.000,0.000,0.000,0.000,0.000,0.000,0.000,0.000,0.000,0.000,0.000,0.000,0.000,0.000,0.000,0.000,0.000,0.000,0.000,0.000,1.000,1.000,0.000,0.000,0.000,0.000,0.000,0.000,0.000,2.000,0.000,0.000,0.000,4.000,0.000,0.000,3.000,0.000,49.000,0.000,0.000,9.000,0.000,29.000,0.000,0.000,0.000,0.000,0.000,0.000,0.000,0.000,0.000,0.000,0.000,0.000,0.000,0.000,0.000,0.000,0.000,0.000,0.000,0.000,0.000,0.000,0.000,0.000,0.000,0.000,0.000,0.000,0.000,0.000,0.000,0.000,0.000,0.000,0.000,0.000,0.000
1767595,Almirante_012m_20171113_T3.JPG,Confirmed,100,0.000,0.000,0.000,0.000,1.000,0.000,0.000,0.000,0.000,0.000,0.000,0.000,0.000,0.000,0.000,0.000,0.000,0.000,0.000,0.000,0.000,0.000,0.000,0.000,0.000,0.000,0.000,0.000,0.000,0.000,0.000,0.000,0.000,0.000,0.000,1.000,0.000,0.000,0.000,0.000,0.000,0.000,0.000,3.000,0.000,5.000,0.000,3.000,0.000,1.000,0.000,0.000,59.000,0.000,0.000,0.000,0.000,6.000,0.000,0.000,0.000,0.000,0.000,0.000,0.000,0.000,0.000,0.000,0.000,0.000,0.000,0.000,0.000,0.000,0.000,0.000,0.000,0.000,0.000,0.000,0.000,0.000,0.000,0.000,0.000,0.000,0.000,0.000,0.000,3.000,1.000,17.000,0.000,0.000,0.000
1767596,Almirante_014m_20171113_T3.JPG,Confirmed,100,0.000,0.000,0.000,0.000,2.000,0.000,0.000,0.000,0.000,0.000,0.000,0.000,0.000,0.000,0.000,0.000,0.000,0.000,0.000,0.000,0.000,0.000,0.000,0.000,0.000,0.000,0.000,0.000,0.000,0.000,1.000,0.000,0.000,0.000,0.000,2.000,0.000,0.000,0.000,0.000,0.000,0.000,0.000,0.000,0.000,5.000,0.000,3.000,0.000,0.000,0.000,0.000,60.000,0.000,0.000,0.000,0.000,4.000,0.000,0.000,0.000,0.000,0.000,0.000,0.000,0.000,0.000,0.000,0.000,0.000,0.000,0.000,0.000,0.000,0.000,0.000,0.000,0.000,0.000,0.000,0.000,0.000,0.000,0.000,0.000,0.000,0.000,0.000,0.000,0.000,5.000,18.000,0.000,0.000,0.000
1767597,Almirante_016m_20171113_T3.JPG,Confirmed,100,0.000,0.000,0.000,0.000,4.000,0.000,0.000,0.000,0.000,0.000,0.000,0.000,0.000,0.000,0.000,0.000,0.000,0.000,0.000,0.000,0.000,0.000,0.000,0.000,0.000,0.000,0.000,0.000,0.000,0.000,1.000,0.000,0.000,0.000,0.000,1.000,0.000,0.000,0.000,0.000,0.000,0.000,0.000,1.000,0.000,2.000,0.000,1.000,0.000,0.000,1.000,0.000,54.000,0.000,0.000,4.000,0.000,14.000,0.000,0.000,0.000,0.000,0.000,0.000,0.000,0.000,0.000,0.000,0.000,0.000,0.000,0.000,0.000,0.000,0.000,0.000,0.000,0.000,0.000,0.000,0.000,0.000,0.000,0.000,0.000,0.000,0.000,1.000,0.000,0.000,0.000,16.000,0.000,0.000,0.000
1767598,Almirante_018m_20171113_T3.JPG,Confirmed,100,0.000,0.000,0.000,0.000,2.000,0.000,0.000,0.000,0.000,0.000,0.000,0.000,0.000,0.000,0.000,0.000,0.000,0.000,0.000,0.000,0.000,0.000,0.000,0.000,0.000,0.000,0.000,0.000,0.000,0.000,0.000,0.000,0.000,0.000,0.000,1.000,3.000,0.000,0.000,0.000,0.000,0.000,0.000,28.000,0.000,5.000,0.000,8.000,0.000,0.000,0.000,0.000,34.000,0.000,0.000,1.000,0.000,4.000,0.000,0.000,0.000,0.000,0.000,0.000,1.000,0.000,0.000,0.000,0.000,0.000,0.000,0.000,0.000,0.000,0.000,0.000,0.000,0.000,0.000,0.000,0.000,0.000,0.000,0.000,0.000,0.000,0.000,0.000,0.000,0.000,6.000,7.000,0.000,0.000,0.000
1767599,Almirante_020m_20171113_T3.JPG,Confirmed,100,0.000,0.000,0.000,0.000,0.000,0.000,0.000,0.000,0.000,0.000,0.000,0.000,0.000,0.000,0.000,0.000,0.000,0.000,0.000,0.000,0.000,0.000,0.000,0.000,0.000,0.000,0.000,0.000,0.000,0.000,1.000,0.000,0.000,0.000,2.000,0.000,1.000,0.000,0.000,0.000,0.000,0.000,0.000,10.000,0.000,2.000,0.000,4.000,1.000,0.000,0.000,0.000,50.000,0.000,0.000,0.000,0.000,8.000,0.000,0.000,0.000,0.000,0.000,0.000,0.000,0.000,0.000,0.000,0.000,0.000,0.000,0.000,0.000,0.000,0.000,0.000,0.000,0.000,0.000,0.000,0.000,0.000,0.000,0.000,0.000,0.000,0.000,0.000,0.000,0.000,7.000,14.000,0.000,0.000,0.000
1767600,Almirante_022m_20171113_T3.JPG,Confirmed,100,0.000,0.000,0.000,0.000,8.000,0.000,0.000,0.000,0.000,0.000,0.000,0.000,0.000,0.000,0.000,0.000,0.000,0.000,0.000,0.000,0.000,0.000,0.000,0.000,0.000,0.000,0.000,0.000,0.000,0.000,0.000,0.000,0.000,0.000,0.000,0.000,0.000,1.000,0.000,0.000,0.000,0.000,0.000,4.000,0.000,2.000,0.000,7.000,0.000,0.000,4.000,0.000,50.000,0.000,0.000,0.000,0.000,15.000,0.000,0.000,0.000,0.000,0.000,0.000,0.000,0.000,0.000,0.000,0.000,0.000,0.000,0.000,0.000,0.000,0.000,0.000,0.000,0.000,0.000,0.000,0.000,0.000,0.000,0.000,0.000,0.000,0.000,0.000,0.000,0.000,2.000,7.000,0.000,0.000,0.000
1767601,Almirante_024m_20171113_T3.JPG,Confirmed,100,0.000,0.000,0.000,0.000,1.000,0.000,0.000,0.000,0.000,0.000,0.000,0.000,0.000,0.000,0.000,0.000,0.000,0.000,0.000,0.000,0.000,0.000,0.000,0.000,0.000,0.000,0.000,0.000,0.000,0.000,0.000,0.000,0.000,0.000,0.000,3.000,0.000,0.000,0.000,0.000,0.000,0.000,0.000,6.000,4.000,0.000,0.000,6.000,0.000,0.000,0.000,0.000,41.000,0.000,0.000,0.000,0.000,23.000,0.000,0.000,0.000,0.000,0.000,0.000,0.000,0.000,0.000,0.000,0.000,0.000,0.000,0.000,0.000,0.000,0.000,0.000,0.000,0.000,0.000,0.000,0.000,0.000,0.000,0.000,0.000,0.000,0.000,0.000,0.000,0.000,1.000,15.000,0.000,0.000,0.000
1767602,Almirante_026m_20171113_T3.JPG,Confirmed,100,0.000,0.000,0.000,0.000,1.000,0.000,0.000,0.000,0.000,0.000,0.000,0.000,0.000,0.000,0.000,0.000,0.000,0.000,0.000,0.000,0.000,0.000,0.000,0.000,0.000,0.000,0.000,0.000,0.000,0.000,0.000,0.000,0.000,0.000,0.000,0.000,1.000,0.000,0.000,0.000,0.000,0.000,0.000,1.000,2.000,4.000,0.000,5.000,2.000,0.000,0.000,0.000,42.000,0.000,0.000,0.000,0.000,27.000,0.000,0.000,0.000,0.000,0.000,0.000,0.000,0.000,0.000,0.000,0.000,0.000,0.000,0.000,0.000,0.000,0.000,0.000,0.000,0.000,0.000,0.000,0.000,0.000,0.000,0.000,1.000,0.000,0.000,1.000,0.000,0.000,6.000,7.000,0.000,0.000,0.000
1767603,Almirante_028m_20171113_T3.JPG,Confirmed,100,0.000,0.000,0.000,0.000,14.000,0.000,0.000,0.000,0.000,0.000,0.000,0.000,0.000,0.000,0.000,0.000,0.000,0.000,0.000,0.000,0.000,0.000,0.000,0.000,0.000,0.000,0.000,0.000,0.000,0.000,0.000,0.000,0.000,0.000,1.000,2.000,1.000,0.000,0.000,0.000,0.000,0.000,0.000,3.000,1.000,1.000,0.000,9.000,2.000,0.000,3.000,0.000,36.000,0.000,0.000,2.000,0.000,14.000,0.000,0.000,0.000,0.000,0.000,0.000,1.000,0.000,0.000,0.000,0.000,0.000,0.000,0.000,0.000,0.000,1.000,0.000,0.000,0.000,0.000,0.000,0.000,0.000,0.000,0.000,0.000,0.000,0.000,0.000,0.000,0.000,3.000,6.000,0.000,0.000,0.000
1767604,Almirante_030m_20171113_T3.JPG,Confirmed,100,0.000,0.000,0.000,0.000,6.000,0.000,0.000,0.000,0.000,0.000,0.000,0.000,0.000,0.000,0.000,0.000,0.000,0.000,0.000,0.000,0.000,0.000,0.000,0.000,0.000,0.000,0.000,0.000,0.000,0.000,0.000,0.000,2.000,0.000,2.000,1.000,3.000,0.000,0.000,0.000,0.000,0.000,0.000,10.000,0.000,0.000,0.000,1.000,0.000,0.000,0.000,0.000,35.000,0.000,0.000,2.000,1.000,17.000,0.000,0.000,0.000,0.000,0.000,0.000,1.000,0.000,0.000,0.000,0.000,0.000,0.000,0.000,0.000,0.000,0.000,0.000,0.000,0.000,0.000,0.000,0.000,0.000,0.000,0.000,0.000,0.000,0.000,1.000,0.000,0.000,2.000,16.000,0.000,0.000,0.000
1767605,Almirante_032m_20171113_T3.JPG,Confirmed,100,0.000,0.000,0.000,0.000,1.000,0.000,0.000,0.000,0.000,0.000,0.000,0.000,0.000,0.000,0.000,0.000,0.000,0.000,0.000,0.000,0.000,0.000,0.000,0.000,0.000,0.000,0.000,0.000,0.000,0.000,1.000,0.000,0.000,0.000,0.000,0.000,0.000,0.000,0.000,0.000,0.000,0.000,0.000,6.000,0.000,3.000,0.000,3.000,0.000,0.000,0.000,0.000,49.000,0.000,0.000,1.000,0.000,11.000,0.000,0.000,0.000,0.000,0.000,0.000,1.000,0.000,0.000,0.000,0.000,0.000,0.000,0.000,0.000,0.000,0.000,0.000,0.000,0.000,0.000,0.000,0.000,0.000,0.000,0.000,0.000,0.000,0.000,1.000,0.000,0.000,1.000,22.000,0.000,0.000,0.000
1767606,Almirante_034m_20171113_T3.JPG,Confirmed,100,0.000,0.000,0.000,0.000,0.000,0.000,0.000,0.000,0.000,0.000,0.000,0.000,0.000,0.000,0.000,0.000,0.000,0.000,0.000,0.000,0.000,0.000,0.000,0.000,0.000,0.000,0.000,0.000,0.000,0.000,0.000,0.000,0.000,0.000,1.000,2.000,2.000,0.000,0.000,0.000,0.000,0.000,0.000,11.000,0.000,5.000,0.000,7.000,0.000,0.000,1.000,0.000,38.000,0.000,0.000,4.000,0.000,9.000,0.000,0.000,0.000,0.000,0.000,0.000,0.000,0.000,0.000,0.000,0.000,0.000,0.000,0.000,0.000,0.000,0.000,0.000,0.000,0.000,0.000,0.000,0.000,0.000,0.000,0.000,0.000,0.000,0.000,0.000,0.000,0.000,0.000,20.000,0.000,0.000,0.000
1767607,Almirante_036m_20171113_T3.JPG,Confirmed,100,0.000,0.000,0.000,0.000,4.000,0.000,0.000,0.000,0.000,0.000,0.000,0.000,0.000,0.000,0.000,0.000,0.000,0.000,0.000,6.000,0.000,0.000,0.000,0.000,0.000,0.000,0.000,0.000,0.000,0.000,2.000,0.000,0.000,0.000,1.000,1.000,2.000,0.000,0.000,0.000,0.000,0.000,0.000,2.000,2.000,3.000,0.000,4.000,0.000,7.000,0.000,0.000,22.000,0.000,0.000,0.000,0.000,17.000,0.000,0.000,0.000,0.000,0.000,0.000,0.000,0.000,0.000,0.000,0.000,0.000,0.000,0.000,0.000,0.000,0.000,0.000,0.000,0.000,0.000,0.000,0.000,0.000,0.000,0.000,0.000,0.000,0.000,0.000,0.000,0.000,25.000,2.000,0.000,0.000,0.000
1767608,Almirante_038m_20171113_T3.JPG,Confirmed,100,0.000,0.000,0.000,0.000,0.000,0.000,0.000,0.000,0.000,0.000,0.000,0.000,0.000,0.000,0.000,0.000,0.000,0.000,0.000,10.000,0.000,0.000,0.000,0.000,0.000,0.000,0.000,0.000,0.000,0.000,0.000,0.000,0.000,0.000,0.000,4.000,7.000,0.000,0.000,0.000,0.000,0.000,0.000,4.000,1.000,1.000,0.000,5.000,1.000,9.000,0.000,0.000,25.000,0.000,0.000,0.000,0.000,14.000,0.000,0.000,0.000,0.000,0.000,1.000,0.000,0.000,0.000,0.000,0.000,0.000,0.000,0.000,0.000,0.000,0.000,0.000,0.000,0.000,0.000,0.000,0.000,0.000,0.000,0.000,0.000,0.000,0.000,0.000,0.000,0.000,9.000,9.000,0.000,0.000,0.000
1763558,Caracol_005m_20171108_T3..JPG,Confirmed,100,0.000,0.000,0.000,0.000,3.000,0.000,0.000,0.000,0.000,0.000,0.000,0.000,0.000,0.000,0.000,0.000,0.000,0.000,0.000,0.000,0.000,1.000,0.000,0.000,0.000,0.000,0.000,0.000,0.000,0.000,0.000,0.000,0.000,0.000,0.000,0.000,2.000,0.000,0.000,0.000,0.000,0.000,0.000,1.000,0.000,0.000,0.000,0.000,0.000,0.000,0.000,0.000,74.000,0.000,0.000,0.000,0.000,1.000,0.000,0.000,0.000,0.000,0.000,0.000,1.000,0.000,0.000,0.000,0.000,0.000,0.000,0.000,0.000,0.000,0.000,0.000,0.000,0.000,0.000,0.000,0.000,0.000,0.000,0.000,0.000,0.000,0.000,4.000,0.000,0.000,13.000,0.000,0.000,0.000,0.000
1763559,Caracol_010m_20171108_T3..JPG,Confirmed,100,0.000,0.000,0.000,0.000,0.000,0.000,0.000,0.000,0.000,0.000,0.000,0.000,0.000,0.000,0.000,0.000,0.000,0.000,0.000,0.000,0.000,1.000,0.000,0.000,0.000,0.000,0.000,0.000,0.000,0.000,3.000,0.000,2.000,0.000,0.000,0.000,1.000,0.000,0.000,0.000,0.000,0.000,0.000,1.000,0.000,0.000,0.000,0.000,0.000,0.000,0.000,2.000,59.000,0.000,0.000,0.000,0.000,0.000,0.000,0.000,0.000,0.000,0.000,0.000,0.000,0.000,0.000,0.000,0.000,0.000,0.000,0.000,0.000,0.000,0.000,0.000,0.000,0.000,0.000,0.000,0.000,0.000,0.000,0.000,0.000,0.000,0.000,0.000,0.000,0.000,31.000,0.000,0.000,0.000,0.000
1763560,Caracol_015m_20171108_T3..JPG,Confirmed,100,0.000,0.000,0.000,0.000,0.000,0.000,0.000,0.000,0.000,0.000,0.000,0.000,0.000,0.000,0.000,0.000,0.000,0.000,0.000,0.000,28.000,0.000,0.000,0.000,0.000,0.000,0.000,0.000,0.000,0.000,0.000,0.000,2.000,0.000,0.000,0.000,2.000,0.000,0.000,0.000,0.000,0.000,0.000,0.000,0.000,0.000,0.000,0.000,0.000,0.000,0.000,0.000,57.000,0.000,0.000,0.000,1.000,0.000,0.000,0.000,0.000,0.000,0.000,0.000,0.000,0.000,0.000,0.000,0.000,0.000,0.000,0.000,0.000,0.000,0.000,0.000,0.000,1.000,0.000,0.000,0.000,0.000,0.000,0.000,0.000,0.000,0.000,1.000,0.000,0.000,8.000,0.000,0.000,0.000,0.000
1763561,Caracol_020m_20171108_T3.JPG,Confirmed,100,0.000,0.000,0.000,0.000,0.000,0.000,0.000,0.000,0.000,0.000,0.000,0.000,0.000,1.000,0.000,0.000,0.000,0.000,0.000,0.000,21.000,1.000,0.000,0.000,0.000,0.000,0.000,0.000,0.000,0.000,5.000,0.000,0.000,0.000,0.000,0.000,0.000,0.000,0.000,0.000,0.000,0.000,0.000,3.000,0.000,0.000,0.000,2.000,1.000,0.000,1.000,0.000,40.000,0.000,0.000,0.000,0.000,1.000,0.000,0.000,0.000,0.000,0.000,1.000,0.000,0.000,0.000,0.000,0.000,0.000,0.000,0.000,0.000,0.000,0.000,0.000,0.000,0.000,0.000,0.000,0.000,0.000,0.000,0.000,0.000,0.000,0.000,3.000,0.000,0.000,20.000,0.000,0.000,0.000,0.000
1763562,Caracol_025m_20171108_T3..JPG,Confirmed,100,0.000,0.000,0.000,0.000,1.000,0.000,0.000,0.000,1.000,0.000,0.000,0.000,0.000,0.000,0.000,0.000,0.000,0.000,0.000,0.000,4.000,1.000,0.000,0.000,0.000,0.000,0.000,0.000,0.000,0.000,0.000,0.000,0.000,0.000,0.000,0.000,0.000,0.000,0.000,0.000,0.000,0.000,0.000,1.000,0.000,0.000,0.000,2.000,1.000,0.000,0.000,0.000,61.000,0.000,0.000,0.000,0.000,0.000,0.000,0.000,0.000,0.000,0.000,0.000,0.000,0.000,0.000,0.000,0.000,0.000,0.000,0.000,0.000,0.000,0.000,0.000,0.000,0.000,0.000,0.000,0.000,0.000,0.000,0.000,0.000,0.000,0.000,4.000,0.000,0.000,24.000,0.000,0.000,0.000,0.000
1763563,Caracol_030m_20171108_T3..JPG,Confirmed,100,0.000,0.000,0.000,0.000,0.000,0.000,0.000,0.000,0.000,0.000,0.000,0.000,0.000,0.000,0.000,0.000,0.000,0.000,0.000,0.000,5.000,1.000,0.000,0.000,0.000,0.000,1.000,0.000,0.000,0.000,0.000,0.000,0.000,0.000,0.000,0.000,0.000,0.000,0.000,0.000,0.000,0.000,0.000,1.000,0.000,0.000,0.000,0.000,0.000,0.000,0.000,0.000,51.000,0.000,0.000,0.000,0.000,0.000,0.000,0.000,0.000,0.000,0.000,0.000,1.000,0.000,0.000,0.000,0.000,0.000,0.000,0.000,0.000,0.000,0.000,1.000,0.000,0.000,0.000,0.000,0.000,0.000,0.000,0.000,1.000,0.000,0.000,2.000,0.000,0.000,36.000,0.000,0.000,0.000,0.000
1763564,Caracol_035m_20171108_T3..JPG,Confirmed,100,0.000,0.000,0.000,0.000,0.000,0.000,0.000,0.000,0.000,0.000,0.000,0.000,0.000,0.000,0.000,0.000,0.000,0.000,0.000,0.000,0.000,0.000,0.000,0.000,0.000,0.000,0.000,0.000,0.000,0.000,0.000,0.000,0.000,0.000,0.000,0.000,0.000,0.000,0.000,0.000,0.000,0.000,0.000,0.000,0.000,0.000,0.000,0.000,0.000,0.000,0.000,0.000,100.000,0.000,0.000,0.000,0.000,0.000,0.000,0.000,0.000,0.000,0.000,0.000,0.000,0.000,0.000,0.000,0.000,0.000,0.000,0.000,0.000,0.000,0.000,0.000,0.000,0.000,0.000,0.000,0.000,0.000,0.000,0.000,0.000,0.000,0.000,0.000,0.000,0.000,0.000,0.000,0.000,0.000,0.000
1763565,Caracol_040m_20171108_T3..JPG,Confirmed,100,0.000,0.000,0.000,0.000,0.000,0.000,0.000,0.000,0.000,0.000,0.000,0.000,0.000,0.000,0.000,0.000,0.000,0.000,0.000,0.000,1.000,0.000,0.000,0.000,0.000,0.000,0.000,0.000,0.000,0.000,3.000,0.000,0.000,0.000,0.000,0.000,0.000,0.000,0.000,0.000,0.000,0.000,0.000,0.000,0.000,1.000,0.000,0.000,0.000,0.000,0.000,0.000,86.000,0.000,0.000,0.000,0.000,0.000,0.000,0.000,0.000,0.000,0.000,0.000,0.000,0.000,0.000,0.000,0.000,0.000,0.000,0.000,0.000,0.000,0.000,1.000,0.000,0.000,0.000,0.000,0.000,0.000,0.000,0.000,0.000,0.000,0.000,0.000,0.000,0.000,8.000,0.000,0.000,0.000,0.000
1763566,Caracol_045m_20171108_T3.JPG,Confirmed,100,0.000,0.000,0.000,0.000,0.000,0.000,0.000,0.000,0.000,0.000,0.000,6.000,0.000,0.000,0.000,0.000,0.000,0.000,0.000,0.000,6.000,0.000,0.000,0.000,0.000,0.000,0.000,0.000,0.000,0.000,0.000,0.000,0.000,0.000,0.000,0.000,0.000,0.000,0.000,0.000,0.000,0.000,0.000,1.000,0.000,0.000,0.000,4.000,20.000,0.000,0.000,0.000,53.000,0.000,0.000,0.000,0.000,0.000,0.000,0.000,0.000,0.000,0.000,0.000,0.000,0.000,0.000,0.000,0.000,0.000,0.000,0.000,0.000,0.000,0.000,0.000,0.000,0.000,0.000,0.000,0.000,0.000,0.000,0.000,1.000,0.000,0.000,0.000,0.000,0.000,9.000,0.000,0.000,0.000,0.000
1763567,Caracol_050m_20171108_T3.JPG,Confirmed,100,0.000,0.000,0.000,0.000,0.000,0.000,0.000,0.000,0.000,0.000,0.000,0.000,0.000,0.000,0.000,0.000,0.000,0.000,0.000,0.000,24.000,0.000,0.000,0.000,0.000,0.000,0.000,0.000,0.000,0.000,0.000,0.000,0.000,0.000,0.000,0.000,1.000,0.000,0.000,0.000,0.000,0.000,0.000,0.000,0.000,0.000,0.000,7.000,0.000,3.000,0.000,0.000,48.000,0.000,0.000,0.000,0.000,8.000,0.000,0.000,0.000,0.000,0.000,0.000,0.000,0.000,0.000,0.000,0.000,0.000,0.000,0.000,0.000,0.000,0.000,0.000,0.000,0.000,0.000,0.000,0.000,0.000,0.000,0.000,5.000,0.000,0.000,0.000,0.000,0.000,3.000,0.000,0.000,1.000,0.000
1763568,CaracolDeep_000m_20171108_T3.JPG,Confirmed,100,0.000,0.000,0.000,0.000,0.000,0.000,0.000,0.000,0.000,0.000,0.000,0.000,0.000,0.000,0.000,0.000,0.000,0.000,0.000,0.000,0.000,0.000,0.000,0.000,0.000,0.000,0.000,0.000,0.000,0.000,3.000,0.000,0.000,0.000,0.000,4.000,9.000,0.000,0.000,0.000,0.000,0.000,0.000,14.000,0.000,0.000,0.000,3.000,0.000,0.000,4.000,0.000,8.000,0.000,0.000,1.000,0.000,27.000,0.000,0.000,0.000,0.000,0.000,0.000,0.000,0.000,0.000,0.000,0.000,0.000,0.000,3.000,0.000,0.000,0.000,14.000,0.000,0.000,0.000,0.000,0.000,0.000,0.000,0.000,3.000,0.000,0.000,6.000,0.000,0.000,1.000,0.000,0.000,0.000,0.000
1763569,CaracolDeep_005m_20171108_T3.JPG,Confirmed,100,0.000,0.000,0.000,0.000,0.000,0.000,0.000,0.000,0.000,0.000,0.000,0.000,0.000,0.000,0.000,0.000,0.000,0.000,0.000,0.000,0.000,0.000,0.000,0.000,0.000,0.000,0.000,0.000,0.000,0.000,0.000,0.000,0.000,0.000,1.000,5.000,14.000,0.000,0.000,0.000,0.000,0.000,0.000,2.000,0.000,0.000,0.000,4.000,0.000,1.000,0.000,0.000,22.000,0.000,0.000,0.000,0.000,20.000,0.000,0.000,0.000,0.000,0.000,1.000,0.000,0.000,0.000,0.000,0.000,0.000,0.000,3.000,0.000,0.000,0.000,6.000,0.000,0.000,0.000,0.000,0.000,0.000,0.000,0.000,6.000,0.000,0.000,14.000,0.000,0.000,0.000,1.000,0.000,0.000,0.000
1763570,CaracolDeep_010m_20171108_T3.JPG,Confirmed,100,0.000,0.000,0.000,0.000,1.000,0.000,0.000,0.000,0.000,0.000,0.000,0.000,0.000,0.000,0.000,0.000,0.000,0.000,0.000,0.000,0.000,0.000,0.000,0.000,0.000,0.000,0.000,0.000,0.000,0.000,0.000,0.000,0.000,0.000,1.000,1.000,42.000,0.000,0.000,0.000,0.000,0.000,0.000,1.000,0.000,0.000,0.000,0.000,0.000,0.000,0.000,0.000,38.000,0.000,0.000,2.000,0.000,7.000,0.000,0.000,0.000,0.000,0.000,0.000,1.000,0.000,0.000,0.000,0.000,0.000,0.000,0.000,0.000,0.000,0.000,0.000,0.000,0.000,0.000,0.000,0.000,0.000,0.000,0.000,0.000,0.000,0.000,4.000,0.000,0.000,1.000,1.000,0.000,0.000,0.000
1763571,CaracolDeep_015m_20171108_T3.JPG,Confirmed,100,0.000,0.000,0.000,0.000,0.000,0.000,0.000,0.000,0.000,0.000,0.000,0.000,0.000,0.000,0.000,0.000,0.000,0.000,0.000,0.000,0.000,0.000,0.000,0.000,0.000,0.000,0.000,0.000,0.000,0.000,0.000,0.000,0.000,0.000,0.000,4.000,13.000,0.000,0.000,0.000,0.000,0.000,0.000,0.000,0.000,0.000,0.000,8.000,0.000,2.000,0.000,0.000,29.000,0.000,0.000,0.000,0.000,36.000,0.000,0.000,0.000,0.000,0.000,0.000,1.000,0.000,0.000,0.000,0.000,0.000,0.000,0.000,0.000,0.000,0.000,0.000,0.000,0.000,0.000,0.000,0.000,0.000,0.000,0.000,0.000,0.000,0.000,7.000,0.000,0.000,0.000,0.000,0.000,0.000,0.000
1763572,CaracolDeep_020m_20171108_T3.JPG,Confirmed,100,0.000,0.000,0.000,0.000,0.000,3.000,0.000,0.000,0.000,0.000,0.000,0.000,0.000,0.000,0.000,0.000,0.000,0.000,0.000,0.000,1.000,0.000,0.000,0.000,0.000,0.000,0.000,0.000,0.000,0.000,2.000,0.000,0.000,0.000,0.000,3.000,8.000,0.000,0.000,0.000,0.000,0.000,0.000,6.000,0.000,0.000,0.000,1.000,0.000,0.000,1.000,0.000,49.000,0.000,0.000,0.000,0.000,9.000,0.000,0.000,0.000,0.000,0.000,0.000,0.000,0.000,0.000,0.000,0.000,0.000,0.000,0.000,0.000,0.000,1.000,0.000,0.000,0.000,0.000,0.000,0.000,0.000,0.000,0.000,0.000,0.000,0.000,8.000,0.000,0.000,0.000,8.000,0.000,0.000,0.000
1763573,CaracolDeep_025m_20171108_T3.JPG,Confirmed,100,0.000,0.000,0.000,0.000,1.000,0.000,0.000,0.000,0.000,0.000,0.000,0.000,0.000,0.000,0.000,0.000,0.000,0.000,0.000,0.000,0.000,0.000,0.000,0.000,0.000,0.000,0.000,0.000,0.000,0.000,0.000,0.000,0.000,0.000,0.000,1.000,0.000,0.000,0.000,0.000,0.000,0.000,0.000,0.000,0.000,0.000,0.000,2.000,0.000,0.000,0.000,0.000,68.000,0.000,0.000,5.000,0.000,8.000,0.000,0.000,0.000,0.000,0.000,0.000,1.000,0.000,0.000,0.000,0.000,0.000,0.000,0.000,0.000,0.000,0.000,9.000,0.000,0.000,0.000,0.000,0.000,0.000,0.000,0.000,0.000,0.000,0.000,0.000,0.000,0.000,0.000,5.000,0.000,0.000,0.000
1763574,CaracolDeep_030m_20171108_T3.JPG,Confirmed,100,0.000,0.000,0.000,0.000,0.000,0.000,0.000,0.000,0.000,0.000,0.000,0.000,2.000,0.000,0.000,0.000,1.000,0.000,0.000,0.000,0.000,0.000,0.000,0.000,0.000,0.000,0.000,0.000,0.000,0.000,1.000,0.000,0.000,0.000,0.000,5.000,11.000,0.000,0.000,0.000,0.000,0.000,0.000,0.000,0.000,0.000,0.000,0.000,0.000,0.000,0.000,0.000,21.000,0.000,0.000,0.000,0.000,12.000,0.000,0.000,0.000,0.000,0.000,0.000,1.000,0.000,0.000,0.000,0.000,0.000,0.000,0.000,0.000,0.000,8.000,35.000,0.000,0.000,0.000,0.000,0.000,0.000,0.000,0.000,3.000,0.000,0.000,0.000,0.000,0.000,0.000,0.000,0.000,0.000,0.000
1763575,CaracolDeep_035m_20171108_T3.JPG,Confirmed,100,0.000,0.000,0.000,0.000,2.000,0.000,0.000,0.000,0.000,0.000,0.000,0.000,0.000,0.000,0.000,0.000,0.000,0.000,0.000,0.000,0.000,0.000,0.000,0.000,0.000,0.000,0.000,0.000,0.000,0.000,3.000,0.000,0.000,0.000,0.000,0.000,1.000,0.000,0.000,0.000,0.000,0.000,0.000,1.000,0.000,0.000,0.000,9.000,0.000,0.000,0.000,0.000,65.000,0.000,0.000,0.000,0.000,13.000,0.000,0.000,0.000,0.000,0.000,0.000,0.000,0.000,0.000,0.000,0.000,0.000,0.000,0.000,0.000,0.000,0.000,3.000,0.000,0.000,0.000,0.000,0.000,0.000,0.000,0.000,0.000,0.000,0.000,0.000,0.000,0.000,2.000,1.000,0.000,0.000,0.000
1763576,CaracolDeep_040m_20171108_T3.JPG,Confirmed,100,0.000,0.000,0.000,0.000,0.000,0.000,0.000,0.000,0.000,0.000,0.000,0.000,0.000,0.000,0.000,0.000,0.000,0.000,0.000,0.000,0.000,0.000,0.000,0.000,0.000,0.000,0.000,0.000,0.000,0.000,0.000,0.000,0.000,0.000,0.000,1.000,14.000,0.000,0.000,0.000,0.000,0.000,0.000,0.000,0.000,0.000,0.000,1.000,0.000,0.000,0.000,0.000,63.000,0.000,0.000,7.000,1.000,8.000,0.000,0.000,0.000,0.000,0.000,0.000,0.000,0.000,0.000,0.000,0.000,0.000,0.000,0.000,0.000,0.000,0.000,1.000,0.000,0.000,0.000,0.000,0.000,0.000,0.000,0.000,0.000,0.000,0.000,1.000,0.000,0.000,0.000,3.000,0.000,0.000,0.000
1763577,CaracolDeep_045m_20171108_T3.JPG,Confirmed,100,0.000,0.000,0.000,0.000,2.000,0.000,0.000,0.000,0.000,0.000,0.000,0.000,0.000,0.000,0.000,0.000,0.000,0.000,0.000,0.000,0.000,0.000,0.000,0.000,0.000,0.000,0.000,0.000,0.000,0.000,0.000,0.000,0.000,0.000,0.000,1.000,1.000,0.000,0.000,0.000,0.000,0.000,0.000,0.000,0.000,0.000,0.000,4.000,0.000,0.000,1.000,0.000,49.000,0.000,0.000,0.000,0.000,12.000,0.000,0.000,0.000,0.000,0.000,0.000,0.000,0.000,0.000,0.000,0.000,0.000,0.000,0.000,0.000,0.000,0.000,5.000,0.000,0.000,0.000,0.000,0.000,0.000,0.000,0.000,0.000,0.000,0.000,0.000,0.000,0.000,0.000,25.000,0.000,0.000,0.000
1763578,CaracolDeep_050m_20171108_T3.JPG,Confirmed,100,0.000,0.000,0.000,0.000,0.000,0.000,0.000,0.000,0.000,0.000,0.000,0.000,0.000,0.000,0.000,0.000,0.000,0.000,0.000,0.000,0.000,0.000,0.000,0.000,0.000,0.000,0.000,0.000,0.000,0.000,0.000,0.000,0.000,0.000,0.000,0.000,1.000,0.000,0.000,0.000,0.000,0.000,0.000,0.000,0.000,0.000,0.000,0.000,0.000,0.000,0.000,0.000,88.000,0.000,0.000,0.000,3.000,2.000,0.000,0.000,0.000,0.000,0.000,0.000,1.000,0.000,0.000,0.000,0.000,0.000,0.000,0.000,0.000,0.000,0.000,0.000,0.000,0.000,0.000,0.000,0.000,0.000,0.000,0.000,0.000,0.000,0.000,0.000,0.000,0.000,0.000,5.000,0.000,0.000,0.000
1763514,CayoRoldan_000m_20171107_T3.JPG,Confirmed,100,0.000,0.000,0.000,0.000,2.000,0.000,0.000,0.000,0.000,0.000,0.000,0.000,0.000,0.000,0.000,0.000,0.000,0.000,0.000,0.000,0.000,0.000,0.000,35.000,0.000,0.000,0.000,0.000,0.000,0.000,2.000,0.000,0.000,0.000,3.000,1.000,0.000,0.000,0.000,0.000,0.000,1.000,0.000,7.000,0.000,1.000,0.000,4.000,0.000,0.000,0.000,20.000,13.000,0.000,0.000,0.000,0.000,2.000,0.000,0.000,0.000,0.000,0.000,0.000,0.000,0.000,0.000,0.000,0.000,0.000,0.000,0.000,0.000,0.000,0.000,0.000,0.000,0.000,0.000,0.000,0.000,0.000,0.000,0.000,2.000,0.000,0.000,0.000,0.000,0.000,0.000,7.000,0.000,0.000,0.000
1763515,CayoRoldan_005m_20171107_T3.JPG,Confirmed,100,0.000,0.000,0.000,0.000,0.000,0.000,0.000,0.000,0.000,0.000,0.000,0.000,0.000,0.000,0.000,0.000,0.000,0.000,0.000,0.000,0.000,0.000,0.000,14.000,0.000,0.000,0.000,0.000,0.000,0.000,0.000,0.000,0.000,0.000,0.000,0.000,4.000,0.000,0.000,11.000,0.000,0.000,0.000,0.000,0.000,3.000,0.000,4.000,0.000,0.000,0.000,39.000,13.000,0.000,0.000,0.000,0.000,1.000,0.000,1.000,0.000,0.000,0.000,1.000,0.000,0.000,0.000,0.000,0.000,0.000,0.000,0.000,0.000,0.000,0.000,0.000,0.000,0.000,0.000,0.000,0.000,0.000,0.000,0.000,0.000,0.000,0.000,0.000,0.000,0.000,0.000,8.000,0.000,1.000,0.000
1763516,CayoRoldan_010m_20171107_T3.JPG,Confirmed,100,0.000,0.000,0.000,0.000,1.000,0.000,0.000,0.000,0.000,0.000,0.000,0.000,0.000,0.000,0.000,0.000,0.000,0.000,0.000,0.000,0.000,0.000,0.000,26.000,0.000,0.000,0.000,0.000,0.000,0.000,0.000,0.000,0.000,0.000,1.000,1.000,2.000,0.000,0.000,0.000,0.000,0.000,0.000,0.000,1.000,1.000,0.000,5.000,0.000,0.000,0.000,17.000,35.000,0.000,0.000,1.000,0.000,0.000,0.000,1.000,0.000,0.000,0.000,0.000,0.000,0.000,0.000,0.000,0.000,0.000,0.000,0.000,0.000,0.000,1.000,0.000,0.000,0.000,0.000,0.000,0.000,0.000,0.000,0.000,2.000,0.000,0.000,0.000,0.000,0.000,0.000,5.000,0.000,0.000,0.000
1763517,CayoRoldan_015m_20171107_T3.JPG,Confirmed,100,0.000,0.000,0.000,0.000,0.000,0.000,0.000,0.000,0.000,0.000,0.000,0.000,0.000,0.000,0.000,0.000,0.000,0.000,0.000,0.000,0.000,0.000,0.000,16.000,0.000,0.000,0.000,0.000,0.000,0.000,0.000,0.000,0.000,0.000,0.000,0.000,2.000,0.000,0.000,0.000,14.000,0.000,0.000,3.000,0.000,6.000,0.000,3.000,0.000,0.000,0.000,3.000,28.000,0.000,0.000,1.000,0.000,16.000,0.000,0.000,0.000,0.000,0.000,0.000,0.000,0.000,0.000,0.000,0.000,0.000,0.000,0.000,0.000,0.000,1.000,4.000,0.000,0.000,0.000,0.000,0.000,0.000,0.000,0.000,0.000,0.000,0.000,0.000,0.000,0.000,0.000,2.000,0.000,1.000,0.000
1763518,CayoRoldan_020m_20171107_T3.JPG,Confirmed,100,0.000,0.000,0.000,0.000,3.000,0.000,0.000,0.000,0.000,0.000,0.000,0.000,0.000,0.000,0.000,0.000,0.000,0.000,0.000,0.000,0.000,0.000,0.000,28.000,0.000,0.000,0.000,0.000,0.000,0.000,0.000,0.000,0.000,0.000,0.000,1.000,3.000,0.000,0.000,0.000,0.000,1.000,0.000,5.000,0.000,0.000,0.000,4.000,0.000,0.000,0.000,27.000,19.000,0.000,0.000,0.000,0.000,2.000,0.000,0.000,0.000,0.000,0.000,0.000,0.000,0.000,0.000,0.000,0.000,0.000,0.000,0.000,0.000,0.000,0.000,1.000,0.000,0.000,0.000,0.000,0.000,0.000,0.000,0.000,0.000,0.000,0.000,0.000,0.000,0.000,0.000,6.000,0.000,0.000,0.000
1763519,CayoRoldan_025m_20171107_T3.JPG,Confirmed,100,0.000,0.000,0.000,0.000,2.000,0.000,0.000,0.000,0.000,0.000,0.000,0.000,0.000,0.000,0.000,0.000,0.000,0.000,0.000,0.000,0.000,0.000,0.000,39.000,0.000,0.000,0.000,0.000,0.000,0.000,0.000,0.000,0.000,0.000,0.000,1.000,0.000,0.000,0.000,0.000,0.000,0.000,0.000,1.000,0.000,0.000,0.000,2.000,0.000,0.000,0.000,18.000,28.000,0.000,0.000,2.000,0.000,0.000,0.000,0.000,0.000,0.000,0.000,0.000,1.000,0.000,0.000,0.000,0.000,0.000,0.000,0.000,0.000,0.000,0.000,0.000,0.000,0.000,0.000,0.000,0.000,0.000,0.000,0.000,0.000,0.000,0.000,0.000,0.000,0.000,0.000,6.000,0.000,0.000,0.000
1763520,CayoRoldan_030m_20171107_T3.JPG,Confirmed,100,0.000,0.000,0.000,0.000,0.000,0.000,0.000,0.000,0.000,0.000,0.000,0.000,0.000,0.000,0.000,0.000,0.000,0.000,0.000,0.000,0.000,0.000,0.000,47.000,0.000,0.000,0.000,0.000,0.000,0.000,0.000,0.000,0.000,0.000,0.000,3.000,0.000,0.000,0.000,1.000,1.000,0.000,0.000,2.000,0.000,1.000,0.000,0.000,0.000,0.000,0.000,4.000,21.000,0.000,0.000,2.000,0.000,3.000,0.000,0.000,0.000,0.000,0.000,0.000,0.000,0.000,0.000,0.000,0.000,0.000,0.000,0.000,0.000,0.000,1.000,2.000,0.000,0.000,0.000,0.000,0.000,0.000,0.000,0.000,1.000,0.000,0.000,0.000,0.000,0.000,0.000,11.000,0.000,0.000,0.000
1763521,CayoRoldan_035m_20171107_T3.JPG,Confirmed,100,0.000,0.000,0.000,0.000,0.000,0.000,0.000,0.000,0.000,0.000,0.000,0.000,0.000,0.000,0.000,0.000,0.000,0.000,0.000,0.000,0.000,0.000,0.000,26.000,0.000,0.000,0.000,0.000,0.000,0.000,0.000,0.000,0.000,0.000,0.000,1.000,4.000,0.000,0.000,0.000,2.000,0.000,0.000,2.000,0.000,1.000,0.000,4.000,0.000,0.000,0.000,11.000,33.000,0.000,0.000,2.000,0.000,4.000,0.000,0.000,0.000,0.000,0.000,0.000,0.000,0.000,0.000,0.000,0.000,0.000,0.000,0.000,0.000,0.000,0.000,2.000,0.000,0.000,0.000,0.000,0.000,0.000,0.000,0.000,0.000,0.000,0.000,0.000,0.000,0.000,0.000,8.000,0.000,0.000,0.000
1763522,CayoRoldan_040m_20171107_T3.JPG,Confirmed,100,0.000,0.000,0.000,0.000,0.000,0.000,0.000,0.000,0.000,0.000,0.000,0.000,0.000,0.000,0.000,0.000,0.000,0.000,0.000,0.000,0.000,0.000,0.000,0.000,0.000,0.000,0.000,0.000,0.000,0.000,0.000,0.000,0.000,0.000,0.000,0.000,0.000,0.000,0.000,0.000,0.000,0.000,0.000,7.000,0.000,0.000,0.000,0.000,0.000,0.000,0.000,8.000,57.000,0.000,0.000,0.000,0.000,4.000,0.000,0.000,0.000,0.000,0.000,0.000,0.000,0.000,0.000,0.000,0.000,0.000,0.000,1.000,0.000,0.000,0.000,0.000,0.000,0.000,0.000,0.000,0.000,0.000,0.000,0.000,0.000,0.000,0.000,0.000,0.000,0.000,0.000,23.000,0.000,0.000,0.000
1763523,CayoRoldan_045m_20171107_T3.JPG,Confirmed,100,0.000,0.000,0.000,0.000,1.000,4.000,0.000,0.000,0.000,0.000,0.000,0.000,0.000,0.000,0.000,0.000,0.000,0.000,0.000,0.000,0.000,0.000,0.000,2.000,0.000,0.000,0.000,0.000,0.000,0.000,3.000,0.000,1.000,0.000,0.000,4.000,1.000,0.000,0.000,0.000,1.000,0.000,0.000,1.000,0.000,0.000,0.000,1.000,0.000,0.000,0.000,8.000,24.000,0.000,0.000,1.000,0.000,26.000,0.000,0.000,0.000,0.000,0.000,0.000,0.000,0.000,0.000,0.000,0.000,0.000,0.000,0.000,0.000,0.000,0.000,1.000,0.000,0.000,0.000,0.000,0.000,0.000,0.000,0.000,0.000,0.000,0.000,0.000,0.000,0.000,0.000,21.000,0.000,0.000,0.000
1763524,CayoRoldan_050m_20171107_T3.JPG,Confirmed,100,0.000,0.000,0.000,0.000,10.000,2.000,0.000,0.000,0.000,0.000,0.000,0.000,0.000,0.000,0.000,0.000,0.000,0.000,0.000,0.000,0.000,0.000,0.000,4.000,0.000,0.000,0.000,0.000,0.000,0.000,0.000,0.000,0.000,0.000,0.000,1.000,0.000,0.000,0.000,11.000,0.000,0.000,0.000,3.000,0.000,3.000,0.000,3.000,0.000,0.000,0.000,9.000,33.000,0.000,0.000,1.000,0.000,11.000,0.000,1.000,0.000,0.000,0.000,0.000,0.000,0.000,0.000,0.000,0.000,0.000,0.000,0.000,0.000,0.000,0.000,0.000,0.000,0.000,0.000,0.000,0.000,0.000,0.000,0.000,0.000,0.000,0.000,0.000,0.000,0.000,0.000,8.000,0.000,0.000,0.000
1763525,CoralCay_000m_20171106_T3.JPG,Confirmed,100,0.000,0.000,0.000,0.000,0.000,0.000,0.000,0.000,0.000,0.000,0.000,0.000,0.000,0.000,0.000,0.000,0.000,0.000,0.000,0.000,0.000,0.000,0.000,0.000,0.000,0.000,0.000,0.000,0.000,0.000,0.000,0.000,0.000,0.000,0.000,0.000,1.000,0.000,0.000,0.000,0.000,5.000,0.000,0.000,0.000,0.000,0.000,0.000,0.000,0.000,0.000,0.000,0.000,0.000,0.000,0.000,1.000,2.000,0.000,0.000,0.000,0.000,0.000,0.000,0.000,0.000,0.000,0.000,0.000,0.000,0.000,9.000,21.000,0.000,2.000,1.000,0.000,4.000,0.000,26.000,0.000,0.000,0.000,1.000,18.000,0.000,0.000,3.000,0.000,0.000,5.000,0.000,0.000,1.000,0.000
1763526,CoralCay_005m_20171106_T3.JPG,Confirmed,100,0.000,0.000,0.000,0.000,0.000,0.000,0.000,0.000,0.000,0.000,0.000,0.000,0.000,0.000,0.000,0.000,0.000,0.000,0.000,0.000,0.000,1.000,0.000,1.000,0.000,0.000,0.000,0.000,0.000,0.000,0.000,1.000,0.000,0.000,0.000,0.000,0.000,0.000,0.000,0.000,0.000,1.000,0.000,0.000,0.000,0.000,0.000,3.000,0.000,0.000,0.000,0.000,0.000,1.000,0.000,0.000,0.000,2.000,0.000,0.000,0.000,0.000,5.000,0.000,0.000,0.000,0.000,0.000,0.000,0.000,0.000,9.000,16.000,0.000,1.000,1.000,0.000,8.000,0.000,33.000,0.000,0.000,0.000,0.000,9.000,0.000,0.000,4.000,0.000,0.000,4.000,0.000,0.000,0.000,0.000
1763527,CoralCay_010m_20171106_T3.JPG,Confirmed,100,0.000,0.000,0.000,0.000,0.000,0.000,0.000,0.000,0.000,0.000,0.000,0.000,0.000,0.000,0.000,0.000,0.000,0.000,0.000,0.000,0.000,1.000,0.000,1.000,0.000,0.000,0.000,0.000,0.000,0.000,0.000,0.000,0.000,0.000,0.000,0.000,0.000,0.000,0.000,0.000,0.000,2.000,0.000,0.000,0.000,0.000,0.000,1.000,0.000,0.000,0.000,0.000,0.000,0.000,0.000,1.000,0.000,1.000,0.000,0.000,0.000,0.000,0.000,0.000,0.000,0.000,0.000,0.000,0.000,0.000,0.000,12.000,3.000,0.000,0.000,2.000,0.000,0.000,0.000,74.000,0.000,0.000,0.000,0.000,2.000,0.000,0.000,0.000,0.000,0.000,0.000,0.000,0.000,0.000,0.000
1763528,CoralCay_015m_20171106_T3.JPG,Confirmed,100,0.000,0.000,0.000,0.000,0.000,0.000,0.000,0.000,0.000,0.000,0.000,0.000,0.000,0.000,0.000,0.000,0.000,0.000,0.000,0.000,0.000,1.000,0.000,0.000,0.000,0.000,0.000,0.000,0.000,0.000,7.000,0.000,0.000,0.000,0.000,0.000,1.000,0.000,0.000,0.000,0.000,0.000,1.000,0.000,0.000,0.000,6.000,0.000,0.000,0.000,0.000,0.000,0.000,1.000,0.000,0.000,0.000,0.000,0.000,0.000,0.000,0.000,0.000,0.000,1.000,0.000,0.000,0.000,0.000,0.000,0.000,15.000,0.000,0.000,4.000,0.000,0.000,0.000,0.000,37.000,0.000,0.000,0.000,0.000,15.000,0.000,0.000,10.000,0.000,0.000,1.000,0.000,0.000,0.000,0.000
1763529,CoralCay_020m_20171106_T3.JPG,Confirmed,100,0.000,0.000,0.000,0.000,9.000,0.000,0.000,0.000,0.000,0.000,0.000,0.000,0.000,0.000,0.000,0.000,0.000,0.000,0.000,0.000,0.000,2.000,0.000,1.000,0.000,0.000,0.000,0.000,0.000,0.000,0.000,0.000,0.000,0.000,0.000,0.000,6.000,0.000,0.000,0.000,0.000,0.000,7.000,0.000,0.000,0.000,1.000,0.000,0.000,0.000,0.000,0.000,0.000,0.000,0.000,1.000,0.000,0.000,0.000,0.000,0.000,0.000,0.000,0.000,0.000,0.000,0.000,0.000,0.000,0.000,0.000,14.000,1.000,0.000,9.000,10.000,0.000,1.000,0.000,22.000,0.000,0.000,0.000,0.000,7.000,0.000,0.000,6.000,0.000,0.000,3.000,0.000,0.000,0.000,0.000
1763530,CoralCay_025m_20171106_T3.JPG,Confirmed,100,0.000,54.000,0.000,0.000,1.000,0.000,0.000,0.000,0.000,0.000,0.000,0.000,0.000,0.000,0.000,0.000,0.000,0.000,0.000,0.000,0.000,0.000,0.000,0.000,0.000,0.000,0.000,0.000,0.000,0.000,0.000,0.000,0.000,0.000,0.000,1.000,1.000,0.000,0.000,0.000,0.000,18.000,0.000,0.000,0.000,0.000,0.000,0.000,0.000,0.000,0.000,0.000,0.000,0.000,0.000,0.000,0.000,4.000,0.000,0.000,0.000,0.000,0.000,0.000,0.000,0.000,0.000,0.000,0.000,0.000,0.000,2.000,2.000,0.000,5.000,0.000,0.000,0.000,0.000,0.000,0.000,0.000,0.000,0.000,3.000,0.000,0.000,9.000,0.000,0.000,0.000,0.000,0.000,0.000,0.000
1763531,CoralCay_030m_20171106_T3.JPG,Confirmed,100,0.000,0.000,0.000,0.000,0.000,0.000,0.000,0.000,0.000,0.000,0.000,0.000,0.000,0.000,0.000,0.000,0.000,0.000,0.000,0.000,0.000,2.000,0.000,0.000,0.000,0.000,0.000,0.000,0.000,0.000,0.000,0.000,0.000,0.000,0.000,0.000,0.000,0.000,0.000,0.000,0.000,0.000,0.000,0.000,0.000,0.000,2.000,0.000,0.000,0.000,0.000,0.000,0.000,0.000,0.000,0.000,0.000,1.000,0.000,0.000,0.000,0.000,0.000,0.000,0.000,0.000,0.000,0.000,0.000,0.000,0.000,2.000,0.000,0.000,3.000,0.000,0.000,0.000,0.000,79.000,0.000,0.000,0.000,0.000,2.000,0.000,0.000,7.000,0.000,0.000,2.000,0.000,0.000,0.000,0.000
1763532,CoralCay_035m_20171106_T3.JPG,Confirmed,100,0.000,0.000,0.000,0.000,1.000,0.000,0.000,0.000,0.000,0.000,0.000,0.000,5.000,0.000,0.000,0.000,0.000,0.000,0.000,0.000,0.000,2.000,0.000,0.000,0.000,0.000,0.000,0.000,0.000,0.000,0.000,0.000,0.000,0.000,0.000,0.000,2.000,0.000,0.000,0.000,0.000,1.000,1.000,0.000,0.000,0.000,2.000,0.000,0.000,0.000,0.000,0.000,0.000,0.000,0.000,0.000,0.000,0.000,0.000,0.000,0.000,0.000,0.000,0.000,0.000,0.000,0.000,0.000,0.000,0.000,0.000,7.000,0.000,0.000,0.000,0.000,0.000,0.000,0.000,57.000,0.000,0.000,0.000,0.000,1.000,0.000,0.000,8.000,0.000,0.000,13.000,0.000,0.000,0.000,0.000
1763533,CoralCay_040m_20171106_T3.JPG,Confirmed,100,0.000,0.000,0.000,0.000,12.000,0.000,0.000,0.000,0.000,0.000,0.000,0.000,0.000,0.000,0.000,0.000,0.000,0.000,0.000,0.000,0.000,3.000,0.000,4.000,0.000,0.000,0.000,0.000,0.000,0.000,0.000,0.000,0.000,0.000,0.000,0.000,1.000,0.000,0.000,0.000,1.000,17.000,13.000,0.000,0.000,0.000,4.000,1.000,0.000,0.000,0.000,0.000,0.000,1.000,0.000,0.000,0.000,2.000,0.000,0.000,0.000,0.000,0.000,0.000,0.000,1.000,0.000,0.000,0.000,0.000,0.000,16.000,4.000,0.000,7.000,1.000,0.000,1.000,0.000,1.000,0.000,0.000,0.000,0.000,4.000,0.000,0.000,6.000,0.000,0.000,0.000,0.000,0.000,0.000,0.000
1763534,CoralCay_045m_20171106_T3.JPG,Confirmed,100,0.000,16.000,0.000,0.000,0.000,0.000,0.000,0.000,0.000,0.000,0.000,0.000,0.000,0.000,0.000,0.000,0.000,0.000,0.000,0.000,0.000,0.000,0.000,0.000,0.000,0.000,0.000,0.000,0.000,0.000,0.000,0.000,0.000,0.000,0.000,0.000,0.000,0.000,0.000,0.000,0.000,1.000,13.000,0.000,0.000,0.000,0.000,0.000,0.000,0.000,0.000,0.000,0.000,0.000,0.000,0.000,0.000,2.000,0.000,0.000,0.000,0.000,0.000,0.000,0.000,0.000,0.000,0.000,0.000,0.000,0.000,16.000,2.000,0.000,2.000,0.000,0.000,1.000,0.000,0.000,0.000,0.000,0.000,0.000,5.000,0.000,0.000,34.000,0.000,0.000,8.000,0.000,0.000,0.000,0.000
1763535,CoralCay_050m_20171106_T3.JPG,Confirmed,100,0.000,0.000,0.000,0.000,0.000,0.000,0.000,0.000,0.000,0.000,0.000,0.000,0.000,0.000,0.000,0.000,0.000,0.000,0.000,0.000,0.000,0.000,0.000,0.000,0.000,0.000,0.000,0.000,0.000,0.000,0.000,0.000,0.000,0.000,0.000,5.000,0.000,0.000,0.000,1.000,0.000,0.000,0.000,0.000,0.000,0.000,0.000,0.000,0.000,0.000,0.000,0.000,0.000,0.000,0.000,0.000,0.000,0.000,0.000,0.000,0.000,0.000,0.000,0.000,1.000,0.000,0.000,0.000,0.000,0.000,0.000,3.000,0.000,0.000,6.000,0.000,0.000,0.000,0.000,0.000,0.000,0.000,0.000,0.000,7.000,0.000,0.000,77.000,0.000,0.000,0.000,0.000,0.000,0.000,0.000
1763536,HospitalPoint_000m_20171107_T3.JPG,Confirmed,100,0.000,0.000,0.000,0.000,27.000,0.000,0.000,0.000,0.000,0.000,0.000,0.000,0.000,0.000,0.000,0.000,0.000,0.000,0.000,0.000,0.000,2.000,0.000,4.000,0.000,0.000,0.000,0.000,0.000,0.000,0.000,0.000,0.000,0.000,0.000,0.000,4.000,0.000,0.000,0.000,0.000,0.000,0.000,0.000,0.000,0.000,5.000,0.000,0.000,0.000,0.000,0.000,0.000,0.000,0.000,4.000,0.000,10.000,0.000,0.000,0.000,0.000,0.000,0.000,0.000,0.000,0.000,0.000,0.000,0.000,0.000,15.000,0.000,0.000,6.000,0.000,0.000,0.000,0.000,0.000,0.000,0.000,0.000,0.000,10.000,0.000,0.000,7.000,0.000,0.000,6.000,0.000,0.000,0.000,0.000
1763537,HospitalPoint_005m_20171107_T3.JPG,Confirmed,100,0.000,0.000,0.000,0.000,22.000,0.000,0.000,0.000,0.000,0.000,0.000,0.000,0.000,0.000,0.000,0.000,0.000,0.000,0.000,0.000,0.000,1.000,0.000,2.000,0.000,0.000,0.000,0.000,0.000,0.000,0.000,0.000,0.000,0.000,0.000,0.000,1.000,0.000,0.000,8.000,0.000,0.000,0.000,0.000,0.000,0.000,0.000,1.000,0.000,0.000,0.000,0.000,0.000,0.000,0.000,2.000,0.000,32.000,0.000,0.000,0.000,0.000,0.000,0.000,1.000,0.000,0.000,0.000,0.000,0.000,0.000,16.000,0.000,0.000,2.000,6.000,0.000,0.000,0.000,0.000,0.000,0.000,0.000,0.000,4.000,0.000,0.000,2.000,0.000,0.000,0.000,0.000,0.000,0.000,0.000
1763538,HospitalPoint_010m_20171107_T3.JPG,Confirmed,100,0.000,0.000,0.000,0.000,15.000,0.000,0.000,0.000,0.000,0.000,0.000,0.000,0.000,0.000,0.000,0.000,0.000,0.000,0.000,0.000,0.000,0.000,0.000,63.000,0.000,0.000,0.000,0.000,0.000,0.000,0.000,0.000,0.000,0.000,0.000,0.000,0.000,0.000,0.000,0.000,0.000,0.000,0.000,0.000,0.000,0.000,0.000,0.000,0.000,0.000,0.000,0.000,0.000,0.000,0.000,0.000,0.000,2.000,0.000,0.000,0.000,0.000,0.000,0.000,0.000,0.000,0.000,0.000,0.000,0.000,0.000,3.000,0.000,0.000,4.000,3.000,0.000,0.000,0.000,0.000,0.000,0.000,0.000,0.000,6.000,0.000,0.000,4.000,0.000,0.000,0.000,0.000,0.000,0.000,0.000
1763539,HospitalPoint_015m_20171107_T3.JPG,Confirmed,100,0.000,0.000,0.000,0.000,22.000,0.000,0.000,0.000,0.000,0.000,0.000,0.000,0.000,0.000,0.000,0.000,0.000,0.000,0.000,0.000,0.000,1.000,0.000,0.000,0.000,0.000,0.000,0.000,0.000,0.000,3.000,0.000,0.000,0.000,0.000,0.000,0.000,0.000,0.000,0.000,0.000,0.000,0.000,0.000,0.000,0.000,6.000,0.000,0.000,0.000,0.000,0.000,0.000,1.000,0.000,2.000,0.000,10.000,0.000,0.000,0.000,0.000,0.000,0.000,0.000,0.000,0.000,0.000,0.000,0.000,0.000,20.000,0.000,0.000,8.000,13.000,0.000,0.000,0.000,0.000,0.000,0.000,0.000,0.000,3.000,0.000,0.000,11.000,0.000,0.000,0.000,0.000,0.000,0.000,0.000
1763540,HospitalPoint_020m_20171107_T3.JPG,Confirmed,100,0.000,0.000,0.000,0.000,14.000,0.000,0.000,0.000,0.000,0.000,0.000,0.000,0.000,0.000,0.000,0.000,0.000,0.000,0.000,0.000,0.000,1.000,0.000,17.000,0.000,0.000,0.000,0.000,0.000,0.000,0.000,0.000,0.000,0.000,0.000,1.000,0.000,1.000,0.000,0.000,0.000,0.000,0.000,0.000,0.000,0.000,1.000,0.000,0.000,0.000,0.000,0.000,0.000,0.000,0.000,1.000,0.000,12.000,0.000,0.000,0.000,0.000,0.000,0.000,0.000,0.000,0.000,0.000,0.000,0.000,0.000,15.000,0.000,0.000,0.000,10.000,0.000,0.000,0.000,0.000,0.000,0.000,0.000,0.000,21.000,0.000,0.000,5.000,0.000,0.000,0.000,0.000,0.000,1.000,0.000
1763541,HospitalPoint_025m_20171107_T3.JPG,Confirmed,100,0.000,0.000,0.000,0.000,43.000,0.000,0.000,0.000,0.000,0.000,0.000,0.000,0.000,0.000,0.000,0.000,0.000,0.000,0.000,0.000,0.000,1.000,0.000,2.000,0.000,0.000,0.000,0.000,0.000,0.000,0.000,0.000,0.000,0.000,0.000,0.000,0.000,0.000,0.000,0.000,0.000,0.000,2.000,0.000,0.000,0.000,0.000,0.000,0.000,0.000,0.000,0.000,0.000,0.000,0.000,4.000,0.000,3.000,0.000,0.000,0.000,0.000,0.000,0.000,1.000,0.000,0.000,0.000,0.000,0.000,0.000,11.000,2.000,0.000,1.000,9.000,0.000,1.000,0.000,0.000,0.000,0.000,0.000,0.000,17.000,0.000,0.000,3.000,0.000,0.000,0.000,0.000,0.000,0.000,0.000
1763542,HospitalPoint_030m_20171107_T3.JPG,Confirmed,100,0.000,0.000,0.000,0.000,29.000,0.000,0.000,0.000,0.000,0.000,0.000,0.000,0.000,0.000,0.000,0.000,0.000,0.000,0.000,0.000,0.000,4.000,0.000,4.000,0.000,0.000,0.000,0.000,0.000,0.000,0.000,0.000,0.000,0.000,0.000,0.000,0.000,0.000,0.000,4.000,0.000,0.000,0.000,0.000,0.000,0.000,0.000,0.000,0.000,0.000,0.000,0.000,0.000,0.000,0.000,0.000,0.000,21.000,0.000,0.000,0.000,0.000,0.000,0.000,2.000,0.000,0.000,0.000,0.000,0.000,0.000,18.000,0.000,0.000,0.000,6.000,0.000,0.000,0.000,0.000,0.000,0.000,0.000,0.000,5.000,0.000,0.000,7.000,0.000,0.000,0.000,0.000,0.000,0.000,0.000
1763543,HospitalPoint_035m_20171107_T3.JPG,Confirmed,100,0.000,0.000,0.000,0.000,11.000,0.000,0.000,0.000,0.000,0.000,0.000,0.000,0.000,0.000,0.000,0.000,0.000,0.000,0.000,0.000,0.000,3.000,0.000,0.000,0.000,0.000,0.000,0.000,0.000,0.000,0.000,0.000,0.000,0.000,0.000,0.000,5.000,0.000,0.000,3.000,0.000,0.000,0.000,0.000,0.000,0.000,0.000,0.000,0.000,0.000,0.000,0.000,0.000,0.000,0.000,1.000,0.000,33.000,0.000,0.000,0.000,0.000,0.000,0.000,0.000,0.000,0.000,0.000,0.000,0.000,0.000,13.000,0.000,0.000,7.000,0.000,0.000,0.000,0.000,1.000,0.000,0.000,0.000,0.000,17.000,0.000,0.000,6.000,0.000,0.000,0.000,0.000,0.000,0.000,0.000
1763544,HospitalPoint_040m_20171107_T3.JPG,Confirmed,100,0.000,0.000,0.000,0.000,0.000,0.000,0.000,0.000,0.000,0.000,0.000,0.000,0.000,0.000,0.000,0.000,0.000,0.000,0.000,0.000,0.000,7.000,0.000,3.000,0.000,0.000,0.000,0.000,0.000,0.000,0.000,0.000,0.000,0.000,0.000,2.000,0.000,0.000,0.000,0.000,0.000,0.000,0.000,0.000,0.000,0.000,0.000,2.000,0.000,0.000,0.000,0.000,0.000,0.000,0.000,0.000,0.000,15.000,0.000,0.000,0.000,0.000,0.000,0.000,3.000,0.000,0.000,0.000,0.000,0.000,0.000,10.000,1.000,0.000,11.000,6.000,0.000,0.000,0.000,2.000,0.000,0.000,0.000,0.000,25.000,0.000,0.000,13.000,0.000,0.000,0.000,0.000,0.000,0.000,0.000
1763545,HospitalPoint_045m_20171107_T3.JPG,Confirmed,100,0.000,0.000,0.000,0.000,0.000,0.000,0.000,0.000,0.000,0.000,0.000,0.000,0.000,0.000,0.000,0.000,0.000,0.000,0.000,0.000,0.000,5.000,0.000,5.000,0.000,0.000,0.000,0.000,0.000,0.000,1.000,0.000,1.000,0.000,0.000,0.000,2.000,0.000,0.000,8.000,0.000,0.000,7.000,1.000,0.000,0.000,0.000,0.000,0.000,0.000,0.000,0.000,10.000,0.000,0.000,0.000,0.000,16.000,0.000,0.000,0.000,0.000,0.000,0.000,0.000,0.000,0.000,0.000,0.000,0.000,0.000,15.000,0.000,0.000,4.000,0.000,0.000,1.000,0.000,0.000,0.000,0.000,0.000,0.000,2.000,0.000,0.000,16.000,0.000,0.000,6.000,0.000,0.000,0.000,0.000
1763546,HospitalPoint_050m_20171107_T3.JPG,Confirmed,100,0.000,0.000,0.000,0.000,0.000,0.000,0.000,0.000,0.000,0.000,0.000,0.000,46.000,0.000,0.000,0.000,0.000,0.000,0.000,0.000,0.000,0.000,0.000,0.000,0.000,0.000,0.000,0.000,0.000,0.000,0.000,0.000,0.000,0.000,0.000,1.000,9.000,0.000,0.000,0.000,0.000,0.000,0.000,18.000,0.000,0.000,0.000,0.000,0.000,0.000,0.000,0.000,2.000,0.000,0.000,0.000,0.000,0.000,0.000,0.000,0.000,0.000,0.000,0.000,0.000,0.000,0.000,0.000,0.000,0.000,0.000,1.000,0.000,0.000,3.000,4.000,0.000,0.000,0.000,0.000,0.000,0.000,0.000,0.000,4.000,0.000,0.000,12.000,0.000,0.000,0.000,0.000,0.000,0.000,0.000
1767620,Mainland_000m_20171113_T3.JPG,Confirmed,100,0.000,0.000,0.000,0.000,0.000,0.000,0.000,0.000,0.000,0.000,0.000,0.000,0.000,0.000,0.000,0.000,0.000,0.000,0.000,0.000,0.000,0.000,0.000,8.000,0.000,0.000,0.000,0.000,0.000,0.000,0.000,0.000,0.000,0.000,0.000,1.000,3.000,0.000,0.000,0.000,0.000,0.000,0.000,0.000,0.000,0.000,0.000,1.000,0.000,0.000,0.000,0.000,0.000,0.000,0.000,0.000,13.000,12.000,1.000,0.000,0.000,0.000,0.000,0.000,0.000,1.000,0.000,0.000,0.000,0.000,0.000,2.000,0.000,0.000,0.000,0.000,0.000,0.000,0.000,0.000,0.000,0.000,0.000,0.000,0.000,0.000,0.000,0.000,0.000,0.000,0.000,57.000,0.000,1.000,0.000
1767621,Mainland_005m_20171113_T3.JPG,Confirmed,100,0.000,0.000,0.000,0.000,0.000,0.000,0.000,0.000,0.000,0.000,0.000,0.000,0.000,0.000,0.000,0.000,0.000,0.000,0.000,0.000,0.000,0.000,0.000,24.000,0.000,0.000,0.000,0.000,0.000,0.000,0.000,0.000,0.000,0.000,0.000,0.000,0.000,0.000,0.000,0.000,0.000,0.000,0.000,0.000,0.000,0.000,0.000,1.000,0.000,0.000,0.000,3.000,0.000,0.000,0.000,0.000,38.000,13.000,0.000,0.000,0.000,0.000,0.000,0.000,1.000,0.000,0.000,0.000,0.000,0.000,0.000,6.000,0.000,0.000,6.000,2.000,0.000,0.000,0.000,0.000,0.000,0.000,0.000,0.000,0.000,0.000,0.000,1.000,0.000,0.000,0.000,5.000,0.000,0.000,0.000
1767622,Mainland_010m_20171113_T3.JPG,Confirmed,100,0.000,0.000,0.000,0.000,0.000,0.000,0.000,0.000,0.000,0.000,0.000,0.000,0.000,0.000,0.000,0.000,0.000,0.000,0.000,0.000,0.000,0.000,0.000,11.000,0.000,0.000,0.000,0.000,0.000,0.000,0.000,0.000,0.000,0.000,0.000,0.000,16.000,0.000,0.000,0.000,0.000,0.000,0.000,0.000,0.000,0.000,0.000,8.000,0.000,0.000,0.000,21.000,0.000,0.000,0.000,0.000,6.000,2.000,0.000,3.000,0.000,0.000,0.000,0.000,2.000,0.000,0.000,0.000,0.000,0.000,0.000,0.000,0.000,0.000,1.000,0.000,0.000,0.000,0.000,0.000,0.000,0.000,0.000,0.000,2.000,0.000,0.000,11.000,0.000,0.000,0.000,17.000,0.000,0.000,0.000
1767623,Mainland_015m_20171113_T3.JPG,Confirmed,100,0.000,0.000,0.000,0.000,1.000,0.000,0.000,0.000,0.000,0.000,0.000,0.000,0.000,0.000,0.000,0.000,0.000,0.000,0.000,0.000,0.000,0.000,0.000,34.000,0.000,0.000,0.000,0.000,0.000,0.000,0.000,1.000,0.000,0.000,0.000,2.000,12.000,0.000,0.000,0.000,0.000,0.000,0.000,1.000,0.000,1.000,0.000,11.000,0.000,11.000,0.000,2.000,0.000,0.000,0.000,0.000,7.000,1.000,0.000,0.000,0.000,0.000,0.000,0.000,0.000,0.000,0.000,0.000,0.000,0.000,0.000,1.000,0.000,0.000,7.000,0.000,0.000,0.000,0.000,0.000,0.000,0.000,0.000,0.000,1.000,0.000,0.000,2.000,0.000,0.000,0.000,4.000,0.000,1.000,0.000
1767624,Mainland_020m_20171113_T3.JPG,Confirmed,100,0.000,0.000,0.000,0.000,0.000,0.000,0.000,0.000,0.000,0.000,0.000,0.000,0.000,0.000,0.000,0.000,0.000,0.000,0.000,0.000,0.000,0.000,0.000,12.000,0.000,0.000,0.000,0.000,0.000,0.000,0.000,0.000,0.000,0.000,0.000,3.000,6.000,0.000,0.000,0.000,0.000,0.000,0.000,0.000,0.000,0.000,0.000,13.000,0.000,0.000,0.000,47.000,0.000,0.000,0.000,0.000,2.000,0.000,0.000,2.000,0.000,0.000,0.000,0.000,1.000,0.000,0.000,0.000,0.000,0.000,0.000,3.000,0.000,0.000,3.000,0.000,0.000,0.000,0.000,0.000,0.000,0.000,0.000,0.000,0.000,0.000,0.000,4.000,0.000,0.000,0.000,4.000,0.000,0.000,0.000
1767625,Mainland_025m_20171113_T3.JPG,Confirmed,100,0.000,0.000,0.000,0.000,0.000,0.000,0.000,0.000,0.000,0.000,0.000,0.000,0.000,0.000,0.000,0.000,0.000,0.000,0.000,0.000,0.000,0.000,0.000,30.000,0.000,0.000,0.000,0.000,0.000,0.000,0.000,0.000,0.000,0.000,0.000,1.000,13.000,0.000,0.000,0.000,0.000,0.000,0.000,2.000,0.000,0.000,0.000,11.000,0.000,0.000,0.000,20.000,0.000,1.000,0.000,0.000,0.000,1.000,0.000,3.000,0.000,0.000,0.000,0.000,2.000,0.000,0.000,0.000,0.000,0.000,0.000,0.000,0.000,0.000,2.000,0.000,0.000,0.000,0.000,0.000,0.000,0.000,0.000,0.000,1.000,0.000,0.000,7.000,0.000,0.000,0.000,6.000,0.000,0.000,0.000
1767626,Mainland_030m_20171113_T3.JPG,Confirmed,100,0.000,0.000,0.000,0.000,0.000,0.000,0.000,0.000,0.000,0.000,0.000,0.000,0.000,0.000,0.000,0.000,0.000,0.000,0.000,0.000,0.000,0.000,0.000,0.000,0.000,0.000,0.000,0.000,0.000,0.000,0.000,0.000,0.000,0.000,0.000,4.000,14.000,0.000,1.000,0.000,0.000,0.000,0.000,0.000,0.000,0.000,0.000,6.000,0.000,0.000,0.000,28.000,0.000,0.000,0.000,0.000,5.000,4.000,0.000,2.000,0.000,0.000,0.000,0.000,0.000,0.000,0.000,0.000,0.000,0.000,0.000,2.000,0.000,0.000,2.000,2.000,0.000,0.000,0.000,0.000,0.000,0.000,0.000,0.000,7.000,0.000,0.000,11.000,0.000,0.000,0.000,11.000,0.000,1.000,0.000
1767627,Mainland_035m_20171113_T3.JPG,Confirmed,100,0.000,0.000,0.000,0.000,0.000,0.000,0.000,0.000,0.000,0.000,0.000,0.000,0.000,0.000,0.000,0.000,0.000,0.000,0.000,0.000,0.000,0.000,0.000,3.000,0.000,0.000,0.000,0.000,0.000,0.000,0.000,0.000,0.000,0.000,0.000,6.000,9.000,0.000,0.000,0.000,0.000,0.000,0.000,0.000,0.000,0.000,0.000,0.000,0.000,0.000,0.000,23.000,0.000,0.000,0.000,0.000,1.000,0.000,0.000,4.000,0.000,0.000,0.000,1.000,1.000,0.000,0.000,0.000,0.000,0.000,0.000,1.000,0.000,0.000,3.000,0.000,0.000,0.000,0.000,0.000,0.000,0.000,0.000,0.000,0.000,0.000,0.000,10.000,0.000,0.000,0.000,38.000,0.000,0.000,0.000
1767628,Mainland_040m_20171113_T3.JPG,Confirmed,100,0.000,0.000,0.000,0.000,0.000,0.000,0.000,0.000,0.000,0.000,0.000,0.000,0.000,0.000,0.000,0.000,0.000,0.000,0.000,0.000,0.000,0.000,0.000,0.000,0.000,0.000,0.000,0.000,0.000,0.000,0.000,0.000,0.000,0.000,0.000,1.000,5.000,0.000,0.000,0.000,0.000,0.000,0.000,0.000,0.000,0.000,0.000,2.000,0.000,20.000,0.000,19.000,0.000,0.000,0.000,0.000,0.000,0.000,0.000,1.000,0.000,0.000,0.000,0.000,0.000,0.000,0.000,0.000,0.000,0.000,0.000,0.000,0.000,0.000,3.000,2.000,0.000,0.000,0.000,0.000,0.000,0.000,0.000,0.000,1.000,0.000,0.000,6.000,0.000,0.000,0.000,40.000,0.000,0.000,0.000
1767629,Mainland_045m_20171113_T3.JPG,Confirmed,100,0.000,0.000,0.000,0.000,0.000,0.000,0.000,0.000,0.000,0.000,0.000,0.000,0.000,0.000,0.000,0.000,0.000,0.000,0.000,0.000,0.000,0.000,0.000,19.000,0.000,0.000,0.000,0.000,0.000,0.000,5.000,0.000,0.000,0.000,0.000,0.000,11.000,0.000,0.000,0.000,0.000,0.000,0.000,1.000,0.000,0.000,0.000,1.000,0.000,0.000,0.000,20.000,0.000,0.000,0.000,0.000,2.000,29.000,0.000,0.000,0.000,0.000,0.000,1.000,0.000,0.000,0.000,0.000,0.000,0.000,0.000,0.000,0.000,0.000,2.000,0.000,0.000,0.000,0.000,0.000,0.000,0.000,0.000,0.000,3.000,0.000,0.000,2.000,0.000,0.000,0.000,4.000,0.000,0.000,0.000
1767630,Mainland_050m_20171113_T3.JPG,Confirmed,100,0.000,0.000,0.000,0.000,0.000,0.000,0.000,0.000,0.000,0.000,0.000,0.000,0.000,0.000,0.000,0.000,0.000,0.000,0.000,0.000,0.000,0.000,0.000,51.000,0.000,0.000,0.000,0.000,0.000,0.000,0.000,0.000,0.000,0.000,0.000,4.000,6.000,0.000,0.000,0.000,0.000,0.000,0.000,3.000,0.000,0.000,0.000,9.000,0.000,0.000,0.000,2.000,0.000,0.000,0.000,0.000,6.000,5.000,0.000,0.000,0.000,0.000,0.000,0.000,2.000,0.000,0.000,0.000,0.000,0.000,0.000,0.000,0.000,0.000,2.000,1.000,0.000,0.000,0.000,0.000,0.000,0.000,0.000,0.000,1.000,0.000,0.000,7.000,0.000,0.000,0.000,1.000,0.000,0.000,0.000
1767609,Pastores_000m_20171113_T3.JPG,Confirmed,100,0.000,0.000,0.000,0.000,0.000,0.000,0.000,0.000,0.000,0.000,0.000,0.000,0.000,0.000,0.000,0.000,0.000,0.000,0.000,0.000,0.000,0.000,0.000,0.000,0.000,0.000,0.000,0.000,0.000,0.000,0.000,0.000,0.000,0.000,5.000,3.000,6.000,0.000,0.000,0.000,0.000,0.000,0.000,22.000,0.000,0.000,0.000,18.000,0.000,0.000,1.000,17.000,20.000,0.000,0.000,0.000,0.000,0.000,0.000,2.000,0.000,0.000,0.000,0.000,0.000,0.000,0.000,0.000,0.000,0.000,0.000,0.000,0.000,0.000,0.000,0.000,0.000,0.000,0.000,0.000,0.000,0.000,0.000,0.000,0.000,0.000,0.000,2.000,0.000,0.000,0.000,4.000,0.000,0.000,0.000
1767610,Pastores_005m_20171113_T3.JPG,Confirmed,100,0.000,0.000,0.000,0.000,0.000,0.000,0.000,0.000,0.000,0.000,0.000,0.000,0.000,0.000,0.000,0.000,0.000,0.000,0.000,0.000,0.000,0.000,0.000,0.000,0.000,0.000,0.000,0.000,0.000,0.000,0.000,0.000,0.000,0.000,2.000,1.000,3.000,0.000,0.000,0.000,0.000,0.000,0.000,15.000,0.000,0.000,0.000,22.000,0.000,0.000,2.000,10.000,36.000,0.000,0.000,0.000,0.000,0.000,0.000,4.000,0.000,0.000,0.000,0.000,0.000,0.000,0.000,0.000,0.000,0.000,0.000,0.000,0.000,0.000,0.000,0.000,0.000,0.000,0.000,0.000,0.000,0.000,0.000,0.000,0.000,0.000,0.000,0.000,0.000,0.000,0.000,5.000,0.000,0.000,0.000
1767611,Pastores_010m_20171113_T3.JPG,Confirmed,100,0.000,0.000,0.000,0.000,0.000,0.000,0.000,0.000,0.000,0.000,0.000,0.000,0.000,0.000,0.000,0.000,0.000,0.000,0.000,0.000,0.000,0.000,0.000,4.000,0.000,0.000,0.000,0.000,0.000,0.000,0.000,0.000,0.000,0.000,1.000,0.000,2.000,0.000,0.000,0.000,0.000,0.000,0.000,23.000,0.000,1.000,0.000,13.000,0.000,0.000,1.000,24.000,28.000,0.000,0.000,0.000,0.000,0.000,0.000,2.000,0.000,0.000,0.000,0.000,1.000,0.000,0.000,0.000,0.000,0.000,0.000,0.000,0.000,0.000,0.000,0.000,0.000,0.000,0.000,0.000,0.000,0.000,0.000,0.000,0.000,0.000,0.000,0.000,0.000,0.000,0.000,0.000,0.000,0.000,0.000
1767612,Pastores_015m_20171113_T3.JPG,Confirmed,100,0.000,0.000,0.000,0.000,0.000,0.000,0.000,0.000,0.000,0.000,0.000,0.000,0.000,0.000,0.000,0.000,0.000,0.000,0.000,0.000,0.000,0.000,0.000,1.000,0.000,0.000,0.000,0.000,0.000,0.000,0.000,0.000,0.000,0.000,3.000,0.000,0.000,3.000,0.000,0.000,0.000,0.000,0.000,13.000,1.000,0.000,0.000,40.000,0.000,0.000,0.000,21.000,16.000,0.000,0.000,0.000,0.000,0.000,0.000,1.000,0.000,0.000,0.000,0.000,1.000,0.000,0.000,0.000,0.000,0.000,0.000,0.000,0.000,0.000,0.000,0.000,0.000,0.000,0.000,0.000,0.000,0.000,0.000,0.000,0.000,0.000,0.000,0.000,0.000,0.000,0.000,0.000,0.000,0.000,0.000
1767613,Pastores_020m_20171113_T3.JPG,Confirmed,100,0.000,0.000,0.000,0.000,0.000,0.000,0.000,0.000,0.000,0.000,0.000,0.000,0.000,0.000,0.000,0.000,0.000,0.000,0.000,0.000,0.000,0.000,0.000,1.000,0.000,0.000,0.000,0.000,0.000,0.000,0.000,0.000,0.000,0.000,0.000,3.000,0.000,0.000,0.000,0.000,0.000,0.000,0.000,11.000,0.000,1.000,0.000,15.000,0.000,0.000,3.000,33.000,25.000,0.000,0.000,0.000,0.000,0.000,0.000,7.000,0.000,0.000,0.000,1.000,0.000,0.000,0.000,0.000,0.000,0.000,0.000,0.000,0.000,0.000,0.000,0.000,0.000,0.000,0.000,0.000,0.000,0.000,0.000,0.000,0.000,0.000,0.000,0.000,0.000,0.000,0.000,0.000,0.000,0.000,0.000
1767614,Pastores_025m_20171113_T3.JPG,Confirmed,100,0.000,0.000,0.000,0.000,0.000,0.000,0.000,0.000,0.000,0.000,0.000,0.000,0.000,0.000,0.000,0.000,0.000,0.000,0.000,0.000,0.000,0.000,0.000,0.000,0.000,0.000,0.000,0.000,0.000,0.000,0.000,0.000,0.000,0.000,0.000,1.000,5.000,0.000,0.000,0.000,0.000,0.000,0.000,16.000,0.000,0.000,1.000,14.000,0.000,0.000,0.000,15.000,45.000,0.000,0.000,0.000,0.000,0.000,0.000,2.000,0.000,0.000,0.000,0.000,0.000,0.000,0.000,0.000,0.000,0.000,0.000,0.000,0.000,0.000,0.000,0.000,0.000,0.000,0.000,0.000,0.000,0.000,0.000,0.000,0.000,0.000,0.000,0.000,0.000,0.000,0.000,1.000,0.000,0.000,0.000
1767615,Pastores_030m_20171113_T3.JPG,Confirmed,100,0.000,0.000,0.000,0.000,0.000,0.000,0.000,0.000,0.000,0.000,0.000,0.000,0.000,0.000,0.000,0.000,0.000,0.000,0.000,0.000,0.000,0.000,0.000,0.000,0.000,0.000,0.000,0.000,0.000,0.000,0.000,0.000,0.000,0.000,1.000,1.000,1.000,0.000,0.000,0.000,0.000,0.000,0.000,15.000,2.000,0.000,0.000,26.000,0.000,0.000,0.000,19.000,33.000,0.000,0.000,0.000,0.000,0.000,0.000,1.000,0.000,0.000,0.000,0.000,1.000,0.000,0.000,0.000,0.000,0.000,0.000,0.000,0.000,0.000,0.000,0.000,0.000,0.000,0.000,0.000,0.000,0.000,0.000,0.000,0.000,0.000,0.000,0.000,0.000,0.000,0.000,0.000,0.000,0.000,0.000
1767616,Pastores_035m_20171113_T3.JPG,Confirmed,100,0.000,0.000,0.000,0.000,0.000,0.000,0.000,0.000,0.000,0.000,0.000,0.000,0.000,0.000,0.000,0.000,0.000,0.000,0.000,0.000,0.000,0.000,0.000,0.000,0.000,0.000,0.000,0.000,0.000,0.000,0.000,0.000,0.000,0.000,1.000,2.000,0.000,0.000,0.000,0.000,0.000,0.000,0.000,14.000,1.000,1.000,0.000,25.000,0.000,0.000,3.000,5.000,43.000,0.000,0.000,0.000,0.000,0.000,0.000,1.000,0.000,0.000,0.000,0.000,0.000,0.000,0.000,0.000,0.000,0.000,0.000,0.000,0.000,0.000,0.000,0.000,0.000,0.000,0.000,0.000,0.000,0.000,0.000,0.000,0.000,0.000,0.000,1.000,0.000,0.000,0.000,3.000,0.000,0.000,0.000
1767617,Pastores_040m_20171113_T3.JPG,Confirmed,100,0.000,0.000,0.000,0.000,0.000,0.000,0.000,0.000,0.000,0.000,0.000,0.000,0.000,0.000,0.000,0.000,0.000,0.000,0.000,0.000,0.000,0.000,0.000,0.000,0.000,0.000,0.000,0.000,0.000,0.000,0.000,0.000,0.000,0.000,1.000,0.000,1.000,0.000,0.000,0.000,0.000,0.000,0.000,2.000,0.000,0.000,0.000,30.000,0.000,0.000,0.000,4.000,46.000,0.000,0.000,0.000,0.000,0.000,0.000,13.000,0.000,0.000,0.000,0.000,0.000,0.000,0.000,0.000,0.000,0.000,0.000,0.000,0.000,0.000,0.000,0.000,0.000,0.000,0.000,0.000,0.000,0.000,0.000,0.000,0.000,0.000,0.000,0.000,0.000,0.000,0.000,2.000,0.000,1.000,0.000
1767618,Pastores_045m_20171113_T3.JPG,Confirmed,100,0.000,0.000,0.000,0.000,0.000,0.000,0.000,0.000,0.000,0.000,0.000,0.000,0.000,0.000,0.000,0.000,0.000,0.000,0.000,0.000,0.000,0.000,0.000,2.000,0.000,0.000,0.000,0.000,0.000,0.000,0.000,0.000,0.000,0.000,1.000,1.000,0.000,0.000,0.000,0.000,0.000,0.000,0.000,4.000,0.000,1.000,0.000,18.000,0.000,0.000,0.000,24.000,38.000,0.000,0.000,0.000,0.000,0.000,0.000,9.000,0.000,0.000,0.000,1.000,0.000,0.000,0.000,0.000,0.000,0.000,0.000,0.000,0.000,0.000,0.000,1.000,0.000,0.000,0.000,0.000,0.000,0.000,0.000,0.000,0.000,0.000,0.000,0.000,0.000,0.000,0.000,0.000,0.000,0.000,0.000
1767619,Pastores_050m_20171113_T3.JPG,Confirmed,100,0.000,0.000,0.000,0.000,0.000,0.000,0.000,0.000,0.000,0.000,0.000,0.000,0.000,0.000,0.000,0.000,0.000,0.000,0.000,0.000,0.000,0.000,0.000,0.000,0.000,0.000,0.000,0.000,0.000,0.000,0.000,0.000,0.000,0.000,0.000,2.000,0.000,0.000,0.000,0.000,0.000,0.000,0.000,4.000,0.000,4.000,0.000,26.000,0.000,0.000,0.000,6.000,54.000,0.000,0.000,0.000,0.000,0.000,0.000,3.000,0.000,0.000,0.000,0.000,0.000,0.000,0.000,0.000,0.000,0.000,0.000,0.000,0.000,0.000,0.000,0.000,0.000,0.000,0.000,0.000,0.000,0.000,0.000,0.000,0.000,0.000,0.000,0.000,0.000,0.000,0.000,1.000,0.000,0.000,0.000
1763547,Popa_000m_20171106_T3.JPG,Confirmed,100,0.000,0.000,0.000,0.000,3.000,0.000,0.000,0.000,0.000,0.000,0.000,0.000,0.000,0.000,0.000,0.000,0.000,0.000,0.000,0.000,0.000,1.000,0.000,0.000,0.000,0.000,0.000,0.000,0.000,0.000,0.000,0.000,0.000,0.000,0.000,1.000,0.000,0.000,0.000,0.000,0.000,12.000,0.000,0.000,0.000,0.000,0.000,1.000,0.000,0.000,0.000,0.000,0.000,1.000,0.000,0.000,0.000,0.000,0.000,0.000,0.000,0.000,0.000,0.000,0.000,0.000,0.000,0.000,0.000,0.000,0.000,23.000,3.000,0.000,7.000,2.000,0.000,7.000,0.000,0.000,0.000,0.000,0.000,0.000,12.000,0.000,0.000,18.000,0.000,0.000,9.000,0.000,0.000,0.000,0.000
1763548,Popa_005m_20171106_T3.JPG,Confirmed,100,0.000,1.000,0.000,0.000,3.000,0.000,0.000,0.000,0.000,0.000,0.000,0.000,0.000,0.000,0.000,0.000,0.000,0.000,0.000,0.000,0.000,6.000,0.000,10.000,0.000,0.000,0.000,0.000,0.000,0.000,0.000,0.000,0.000,0.000,0.000,2.000,0.000,0.000,0.000,0.000,0.000,0.000,0.000,0.000,0.000,0.000,0.000,0.000,0.000,0.000,0.000,0.000,0.000,0.000,0.000,0.000,0.000,0.000,0.000,0.000,0.000,0.000,0.000,0.000,0.000,0.000,0.000,0.000,0.000,0.000,0.000,14.000,2.000,0.000,5.000,2.000,0.000,1.000,0.000,27.000,0.000,0.000,0.000,0.000,9.000,0.000,0.000,9.000,0.000,0.000,9.000,0.000,0.000,0.000,0.000
1763549,Popa_010m_20171106_T3.JPG,Confirmed,100,0.000,0.000,0.000,0.000,0.000,0.000,0.000,0.000,0.000,0.000,0.000,0.000,0.000,0.000,0.000,0.000,0.000,0.000,0.000,0.000,0.000,14.000,0.000,4.000,0.000,0.000,0.000,0.000,0.000,0.000,0.000,0.000,0.000,0.000,0.000,0.000,0.000,0.000,0.000,0.000,0.000,0.000,0.000,0.000,0.000,0.000,0.000,1.000,0.000,0.000,0.000,0.000,0.000,2.000,0.000,0.000,0.000,2.000,0.000,0.000,0.000,0.000,0.000,0.000,0.000,0.000,0.000,0.000,0.000,0.000,0.000,5.000,9.000,0.000,0.000,0.000,0.000,1.000,0.000,47.000,0.000,0.000,0.000,0.000,11.000,0.000,0.000,0.000,0.000,0.000,4.000,0.000,0.000,0.000,0.000
1763550,Popa_015m_20171106_T3.JPG,Confirmed,100,0.000,2.000,0.000,0.000,16.000,0.000,0.000,0.000,0.000,0.000,0.000,0.000,0.000,0.000,0.000,0.000,0.000,0.000,0.000,0.000,0.000,0.000,0.000,2.000,0.000,0.000,0.000,0.000,0.000,0.000,0.000,0.000,0.000,0.000,0.000,4.000,0.000,0.000,0.000,0.000,0.000,0.000,0.000,0.000,0.000,0.000,12.000,0.000,0.000,0.000,0.000,0.000,0.000,0.000,0.000,0.000,0.000,0.000,0.000,0.000,0.000,0.000,0.000,0.000,0.000,0.000,0.000,0.000,0.000,0.000,0.000,10.000,19.000,0.000,1.000,0.000,0.000,6.000,0.000,6.000,2.000,0.000,0.000,0.000,16.000,0.000,0.000,4.000,0.000,0.000,0.000,0.000,0.000,0.000,0.000
1763551,Popa_020m_20171106_T3.JPG,Confirmed,100,0.000,5.000,0.000,0.000,1.000,0.000,0.000,0.000,0.000,0.000,0.000,0.000,0.000,0.000,0.000,0.000,0.000,0.000,0.000,0.000,0.000,0.000,0.000,4.000,0.000,0.000,0.000,0.000,0.000,0.000,0.000,0.000,0.000,0.000,0.000,1.000,4.000,0.000,0.000,0.000,0.000,0.000,0.000,0.000,0.000,0.000,0.000,0.000,0.000,0.000,0.000,0.000,0.000,1.000,0.000,0.000,0.000,0.000,0.000,0.000,0.000,0.000,0.000,0.000,0.000,0.000,0.000,0.000,0.000,1.000,0.000,12.000,1.000,0.000,3.000,0.000,0.000,0.000,0.000,41.000,0.000,0.000,0.000,1.000,2.000,0.000,0.000,14.000,0.000,0.000,9.000,0.000,0.000,0.000,0.000
1763552,Popa_025m_20171106_T3.JPG,Confirmed,100,0.000,0.000,0.000,0.000,0.000,0.000,0.000,0.000,0.000,0.000,0.000,0.000,0.000,0.000,0.000,0.000,0.000,0.000,0.000,0.000,0.000,0.000,0.000,4.000,0.000,0.000,0.000,0.000,0.000,0.000,0.000,0.000,0.000,0.000,0.000,0.000,0.000,0.000,0.000,0.000,0.000,1.000,0.000,0.000,0.000,0.000,1.000,0.000,0.000,0.000,0.000,0.000,0.000,1.000,0.000,0.000,0.000,0.000,0.000,0.000,0.000,0.000,0.000,0.000,0.000,0.000,0.000,0.000,0.000,0.000,0.000,1.000,14.000,0.000,0.000,0.000,0.000,5.000,0.000,40.000,2.000,0.000,0.000,1.000,25.000,0.000,0.000,5.000,0.000,0.000,0.000,0.000,0.000,0.000,0.000
1763553,Popa_030m_20171106_T3.JPG,Confirmed,100,0.000,0.000,0.000,0.000,0.000,0.000,0.000,0.000,0.000,0.000,0.000,0.000,0.000,0.000,0.000,0.000,0.000,0.000,0.000,0.000,0.000,2.000,0.000,3.000,0.000,0.000,0.000,0.000,0.000,0.000,0.000,0.000,0.000,0.000,0.000,0.000,2.000,0.000,0.000,0.000,0.000,0.000,0.000,0.000,0.000,0.000,0.000,0.000,0.000,0.000,0.000,0.000,0.000,0.000,0.000,0.000,0.000,0.000,0.000,0.000,0.000,0.000,0.000,0.000,0.000,0.000,0.000,0.000,0.000,0.000,0.000,14.000,3.000,0.000,0.000,0.000,0.000,0.000,0.000,71.000,0.000,0.000,0.000,0.000,3.000,0.000,0.000,1.000,0.000,0.000,1.000,0.000,0.000,0.000,0.000
1763554,Popa_035m_20171106_T3.JPG,Confirmed,100,0.000,0.000,0.000,0.000,1.000,0.000,0.000,0.000,0.000,0.000,0.000,0.000,0.000,0.000,0.000,0.000,0.000,0.000,0.000,0.000,0.000,2.000,0.000,0.000,0.000,0.000,0.000,0.000,0.000,0.000,0.000,0.000,0.000,0.000,0.000,0.000,1.000,0.000,0.000,0.000,0.000,2.000,0.000,0.000,0.000,0.000,0.000,0.000,0.000,0.000,0.000,0.000,0.000,1.000,0.000,0.000,0.000,0.000,0.000,0.000,0.000,0.000,0.000,0.000,1.000,0.000,0.000,0.000,0.000,0.000,0.000,5.000,18.000,0.000,0.000,0.000,0.000,11.000,0.000,23.000,1.000,0.000,0.000,2.000,27.000,0.000,0.000,3.000,0.000,0.000,2.000,0.000,0.000,0.000,0.000
1763555,Popa_040m_20171106_T3.JPG,Confirmed,100,0.000,0.000,0.000,0.000,3.000,0.000,0.000,0.000,0.000,0.000,0.000,0.000,0.000,0.000,0.000,0.000,0.000,0.000,0.000,0.000,0.000,0.000,0.000,2.000,0.000,0.000,0.000,0.000,0.000,0.000,0.000,0.000,0.000,0.000,0.000,0.000,1.000,0.000,0.000,0.000,0.000,0.000,0.000,0.000,0.000,0.000,0.000,0.000,0.000,0.000,0.000,0.000,0.000,0.000,0.000,0.000,0.000,0.000,0.000,0.000,0.000,0.000,0.000,0.000,0.000,0.000,0.000,0.000,0.000,0.000,0.000,7.000,25.000,0.000,1.000,0.000,0.000,15.000,0.000,3.000,0.000,0.000,0.000,1.000,27.000,0.000,0.000,10.000,0.000,0.000,5.000,0.000,0.000,0.000,0.000
1763556,Popa_045m_20171106_T3.JPG,Confirmed,100,0.000,0.000,0.000,0.000,0.000,0.000,0.000,0.000,0.000,0.000,0.000,0.000,0.000,0.000,0.000,0.000,0.000,0.000,0.000,0.000,0.000,0.000,0.000,0.000,0.000,0.000,0.000,0.000,0.000,0.000,0.000,0.000,0.000,0.000,0.000,0.000,2.000,0.000,0.000,0.000,0.000,0.000,0.000,0.000,0.000,0.000,0.000,0.000,0.000,0.000,0.000,0.000,0.000,1.000,0.000,0.000,0.000,0.000,0.000,0.000,0.000,0.000,0.000,0.000,0.000,0.000,0.000,0.000,0.000,0.000,0.000,12.000,40.000,0.000,0.000,0.000,0.000,16.000,0.000,4.000,0.000,0.000,0.000,3.000,15.000,0.000,0.000,2.000,1.000,0.000,4.000,0.000,0.000,0.000,0.000
1763557,Popa_050m_20171106_T3.JPG,Confirmed,100,0.000,0.000,0.000,0.000,0.000,0.000,0.000,0.000,0.000,0.000,0.000,0.000,0.000,0.000,0.000,0.000,0.000,0.000,0.000,0.000,0.000,4.000,0.000,0.000,0.000,0.000,0.000,0.000,0.000,0.000,0.000,0.000,0.000,0.000,0.000,0.000,0.000,0.000,0.000,0.000,0.000,0.000,0.000,0.000,0.000,0.000,0.000,0.000,0.000,0.000,0.000,0.000,0.000,0.000,0.000,0.000,0.000,0.000,0.000,0.000,0.000,0.000,0.000,0.000,0.000,0.000,0.000,0.000,0.000,0.000,0.000,7.000,13.000,0.000,0.000,0.000,0.000,13.000,0.000,12.000,0.000,0.000,0.000,4.000,33.000,0.000,9.000,5.000,0.000,0.000,0.000,0.000,0.000,0.000,0.000
1770393,PtJuan_000m_20171107_T3.JPG,Confirmed,100,0.000,0.000,0.000,0.000,4.000,1.000,0.000,0.000,0.000,0.000,0.000,0.000,0.000,0.000,0.000,0.000,0.000,0.000,0.000,0.000,0.000,1.000,0.000,7.000,0.000,0.000,0.000,0.000,0.000,0.000,0.000,0.000,0.000,0.000,0.000,1.000,4.000,0.000,0.000,0.000,0.000,0.000,0.000,0.000,0.000,2.000,1.000,3.000,0.000,0.000,0.000,3.000,32.000,0.000,0.000,0.000,0.000,15.000,0.000,0.000,0.000,0.000,0.000,0.000,0.000,0.000,0.000,0.000,0.000,0.000,0.000,5.000,0.000,0.000,4.000,0.000,0.000,0.000,0.000,0.000,0.000,0.000,0.000,0.000,1.000,0.000,0.000,7.000,0.000,0.000,7.000,2.000,0.000,0.000,0.000
1770394,PtJuan_005m_20171107_T3.JPG,Confirmed,100,0.000,0.000,0.000,0.000,0.000,0.000,0.000,0.000,0.000,0.000,0.000,0.000,0.000,0.000,0.000,0.000,0.000,0.000,0.000,0.000,0.000,0.000,0.000,3.000,0.000,0.000,0.000,0.000,0.000,0.000,0.000,0.000,0.000,0.000,0.000,2.000,0.000,0.000,0.000,6.000,0.000,0.000,0.000,4.000,0.000,0.000,1.000,1.000,0.000,0.000,0.000,0.000,21.000,0.000,0.000,0.000,2.000,22.000,0.000,0.000,0.000,0.000,0.000,0.000,0.000,0.000,0.000,0.000,0.000,0.000,0.000,0.000,0.000,0.000,2.000,0.000,0.000,0.000,0.000,0.000,0.000,0.000,0.000,0.000,4.000,0.000,0.000,13.000,0.000,0.000,0.000,19.000,0.000,0.000,0.000
1770395,PtJuan_010m_20171107_T3.JPG,Confirmed,100,0.000,0.000,0.000,0.000,4.000,0.000,0.000,0.000,0.000,0.000,0.000,0.000,0.000,0.000,0.000,0.000,0.000,0.000,0.000,0.000,0.000,2.000,0.000,15.000,0.000,0.000,0.000,0.000,0.000,0.000,0.000,0.000,0.000,0.000,0.000,2.000,11.000,0.000,0.000,1.000,0.000,0.000,0.000,4.000,0.000,0.000,0.000,3.000,0.000,0.000,0.000,0.000,11.000,0.000,0.000,0.000,0.000,37.000,0.000,0.000,0.000,0.000,0.000,0.000,0.000,0.000,0.000,0.000,0.000,0.000,0.000,0.000,0.000,0.000,0.000,1.000,0.000,0.000,0.000,0.000,0.000,0.000,0.000,0.000,5.000,0.000,0.000,0.000,0.000,0.000,0.000,4.000,0.000,0.000,0.000
1770396,PtJuan_015m_20171107_T3.JPG,Confirmed,100,0.000,0.000,0.000,0.000,1.000,0.000,0.000,0.000,0.000,0.000,0.000,0.000,0.000,0.000,0.000,0.000,0.000,0.000,0.000,0.000,0.000,0.000,0.000,5.000,0.000,0.000,0.000,0.000,0.000,0.000,0.000,0.000,0.000,0.000,0.000,0.000,16.000,0.000,0.000,13.000,0.000,0.000,0.000,2.000,0.000,5.000,0.000,0.000,0.000,0.000,0.000,0.000,22.000,0.000,0.000,0.000,0.000,28.000,0.000,0.000,0.000,0.000,0.000,0.000,0.000,0.000,0.000,0.000,0.000,0.000,1.000,0.000,0.000,0.000,0.000,0.000,0.000,0.000,0.000,0.000,0.000,0.000,0.000,0.000,2.000,0.000,0.000,2.000,0.000,0.000,0.000,3.000,0.000,0.000,0.000
1770397,PtJuan_020m_20171107_T3.JPG,Confirmed,100,0.000,0.000,0.000,0.000,0.000,0.000,0.000,0.000,0.000,0.000,0.000,0.000,0.000,0.000,0.000,0.000,0.000,0.000,0.000,0.000,0.000,0.000,0.000,34.000,0.000,0.000,0.000,0.000,0.000,0.000,0.000,0.000,0.000,0.000,0.000,0.000,5.000,0.000,0.000,0.000,0.000,0.000,0.000,5.000,0.000,0.000,0.000,1.000,0.000,0.000,0.000,15.000,5.000,0.000,0.000,0.000,0.000,14.000,0.000,0.000,0.000,0.000,0.000,0.000,0.000,0.000,0.000,0.000,0.000,0.000,0.000,0.000,0.000,0.000,0.000,0.000,0.000,0.000,0.000,0.000,0.000,0.000,0.000,0.000,0.000,0.000,0.000,0.000,0.000,0.000,0.000,21.000,0.000,0.000,0.000
1770398,PtJuan_025m_20171107_T3.JPG,Confirmed,100,0.000,0.000,0.000,0.000,1.000,0.000,0.000,0.000,0.000,0.000,0.000,0.000,0.000,0.000,0.000,0.000,0.000,0.000,0.000,0.000,0.000,0.000,0.000,2.000,0.000,0.000,0.000,0.000,0.000,0.000,0.000,0.000,0.000,0.000,0.000,0.000,2.000,0.000,0.000,0.000,0.000,0.000,0.000,2.000,0.000,5.000,1.000,1.000,0.000,0.000,0.000,0.000,30.000,0.000,0.000,0.000,0.000,47.000,0.000,0.000,0.000,0.000,0.000,0.000,1.000,0.000,0.000,0.000,0.000,0.000,0.000,0.000,0.000,0.000,0.000,0.000,0.000,0.000,0.000,0.000,0.000,0.000,0.000,0.000,4.000,0.000,0.000,1.000,0.000,0.000,0.000,3.000,0.000,0.000,0.000
1770399,PtJuan_030m_20171107_T3.JPG,Confirmed,100,0.000,0.000,0.000,0.000,0.000,0.000,0.000,0.000,0.000,0.000,0.000,0.000,0.000,0.000,0.000,0.000,0.000,0.000,0.000,0.000,0.000,0.000,0.000,0.000,0.000,0.000,0.000,0.000,0.000,0.000,0.000,0.000,0.000,0.000,0.000,0.000,3.000,0.000,0.000,14.000,0.000,0.000,0.000,2.000,0.000,0.000,0.000,3.000,0.000,0.000,1.000,0.000,63.000,0.000,0.000,0.000,0.000,7.000,0.000,0.000,0.000,0.000,0.000,0.000,0.000,1.000,0.000,0.000,0.000,0.000,0.000,0.000,0.000,0.000,0.000,0.000,0.000,0.000,0.000,0.000,0.000,0.000,0.000,0.000,0.000,0.000,0.000,0.000,0.000,0.000,2.000,4.000,0.000,0.000,0.000
1770400,PtJuan_035m_20171107_T3.JPG,Confirmed,100,0.000,0.000,0.000,0.000,2.000,0.000,0.000,0.000,0.000,0.000,0.000,0.000,0.000,0.000,0.000,0.000,0.000,0.000,0.000,0.000,0.000,0.000,0.000,3.000,0.000,0.000,0.000,0.000,0.000,0.000,0.000,0.000,0.000,0.000,0.000,2.000,0.000,0.000,0.000,36.000,0.000,0.000,0.000,2.000,0.000,1.000,0.000,1.000,0.000,0.000,0.000,0.000,34.000,0.000,0.000,0.000,0.000,18.000,0.000,0.000,0.000,0.000,0.000,0.000,0.000,0.000,0.000,0.000,0.000,0.000,0.000,0.000,0.000,0.000,0.000,0.000,0.000,0.000,0.000,0.000,0.000,0.000,0.000,0.000,0.000,0.000,0.000,0.000,0.000,0.000,0.000,1.000,0.000,0.000,0.000
1770401,PtJuan_040m_20171107_T3.JPG,Confirmed,100,0.000,0.000,0.000,0.000,0.000,0.000,0.000,0.000,0.000,0.000,0.000,0.000,1.000,0.000,0.000,0.000,0.000,0.000,0.000,0.000,0.000,0.000,0.000,2.000,0.000,0.000,0.000,0.000,0.000,0.000,0.000,0.000,0.000,0.000,2.000,0.000,0.000,0.000,0.000,47.000,0.000,0.000,0.000,3.000,0.000,10.000,0.000,5.000,0.000,0.000,0.000,0.000,12.000,0.000,0.000,0.000,0.000,14.000,0.000,0.000,0.000,0.000,0.000,0.000,0.000,0.000,0.000,0.000,0.000,0.000,0.000,0.000,0.000,0.000,0.000,0.000,0.000,0.000,0.000,0.000,0.000,0.000,0.000,0.000,0.000,0.000,0.000,0.000,0.000,0.000,1.000,3.000,0.000,0.000,0.000
1770402,PtJuan_045m_20171107_T3.JPG,Confirmed,100,0.000,0.000,0.000,0.000,2.000,0.000,0.000,0.000,0.000,0.000,0.000,0.000,0.000,0.000,0.000,0.000,0.000,0.000,0.000,0.000,0.000,0.000,0.000,5.000,0.000,0.000,0.000,0.000,0.000,0.000,1.000,0.000,0.000,0.000,2.000,0.000,9.000,0.000,0.000,51.000,0.000,0.000,0.000,5.000,0.000,2.000,0.000,5.000,0.000,0.000,0.000,0.000,6.000,0.000,0.000,0.000,0.000,7.000,0.000,0.000,0.000,0.000,0.000,0.000,0.000,0.000,0.000,0.000,0.000,0.000,0.000,0.000,0.000,0.000,0.000,0.000,0.000,0.000,0.000,0.000,0.000,0.000,0.000,0.000,3.000,0.000,0.000,0.000,0.000,0.000,2.000,0.000,0.000,0.000,0.000
1770403,PtJuan_050m_20171107_T3.JPG,Confirmed,100,0.000,0.000,0.000,0.000,0.000,0.000,0.000,0.000,0.000,0.000,0.000,0.000,0.000,0.000,0.000,0.000,0.000,0.000,0.000,0.000,0.000,0.000,0.000,50.000,0.000,0.000,0.000,0.000,0.000,0.000,0.000,0.000,0.000,0.000,0.000,1.000,3.000,0.000,0.000,12.000,0.000,0.000,0.000,6.000,0.000,1.000,0.000,4.000,0.000,0.000,0.000,0.000,1.000,0.000,0.000,0.000,0.000,14.000,0.000,0.000,0.000,0.000,0.000,0.000,0.000,0.000,0.000,0.000,0.000,0.000,0.000,3.000,0.000,0.000,1.000,0.000,0.000,0.000,0.000,0.000,0.000,0.000,0.000,0.000,3.000,0.000,0.000,0.000,0.000,0.000,0.000,1.000,0.000,0.000,0.000
1763579,SaltCreek_000m_20171106_T3.JPG,Confirmed,100,0.000,0.000,0.000,0.000,3.000,0.000,0.000,0.000,0.000,0.000,0.000,0.000,1.000,0.000,0.000,0.000,0.000,0.000,0.000,0.000,0.000,1.000,0.000,24.000,0.000,0.000,0.000,0.000,0.000,0.000,0.000,0.000,0.000,0.000,0.000,0.000,1.000,0.000,0.000,0.000,0.000,0.000,0.000,1.000,0.000,0.000,6.000,0.000,0.000,0.000,0.000,0.000,3.000,0.000,0.000,0.000,0.000,0.000,0.000,0.000,1.000,0.000,0.000,0.000,0.000,0.000,0.000,0.000,0.000,0.000,0.000,3.000,0.000,0.000,0.000,0.000,0.000,11.000,0.000,24.000,0.000,0.000,0.000,0.000,5.000,0.000,0.000,10.000,0.000,0.000,6.000,0.000,0.000,0.000,0.000
1763580,SaltCreek_005m_20171106_T3.JPG,Confirmed,100,0.000,0.000,0.000,0.000,5.000,2.000,0.000,0.000,0.000,0.000,0.000,0.000,0.000,0.000,0.000,0.000,0.000,0.000,0.000,0.000,3.000,4.000,0.000,4.000,0.000,0.000,0.000,0.000,0.000,0.000,0.000,0.000,0.000,0.000,0.000,0.000,0.000,0.000,0.000,3.000,0.000,6.000,4.000,0.000,0.000,0.000,1.000,1.000,0.000,0.000,0.000,0.000,0.000,0.000,0.000,2.000,0.000,0.000,0.000,0.000,0.000,0.000,0.000,0.000,0.000,0.000,0.000,0.000,0.000,0.000,0.000,10.000,14.000,0.000,0.000,0.000,0.000,9.000,0.000,19.000,0.000,0.000,0.000,0.000,8.000,0.000,0.000,5.000,0.000,0.000,0.000,0.000,0.000,0.000,0.000
1763581,SaltCreek_010m_20171106_T3.JPG,Confirmed,100,0.000,0.000,0.000,0.000,3.000,0.000,0.000,0.000,0.000,0.000,0.000,0.000,0.000,0.000,0.000,0.000,0.000,0.000,0.000,0.000,0.000,0.000,0.000,26.000,0.000,0.000,0.000,0.000,0.000,0.000,0.000,0.000,0.000,0.000,0.000,0.000,0.000,0.000,0.000,0.000,0.000,0.000,0.000,0.000,0.000,0.000,0.000,0.000,0.000,0.000,0.000,0.000,0.000,0.000,0.000,0.000,1.000,0.000,0.000,0.000,0.000,0.000,0.000,0.000,0.000,0.000,0.000,0.000,0.000,0.000,0.000,1.000,1.000,0.000,1.000,0.000,0.000,0.000,0.000,48.000,0.000,0.000,0.000,5.000,11.000,0.000,0.000,3.000,0.000,0.000,0.000,0.000,0.000,0.000,0.000
1763582,SaltCreek_015m_20171106_T3.JPG,Confirmed,100,0.000,0.000,0.000,0.000,9.000,2.000,0.000,0.000,0.000,0.000,0.000,0.000,0.000,0.000,0.000,0.000,0.000,0.000,0.000,0.000,0.000,1.000,0.000,4.000,0.000,0.000,5.000,0.000,0.000,0.000,0.000,0.000,0.000,0.000,0.000,0.000,3.000,0.000,0.000,0.000,0.000,1.000,0.000,0.000,0.000,0.000,5.000,0.000,0.000,0.000,0.000,0.000,6.000,0.000,0.000,0.000,0.000,2.000,0.000,0.000,0.000,0.000,0.000,0.000,0.000,0.000,0.000,0.000,0.000,0.000,0.000,2.000,8.000,0.000,1.000,0.000,0.000,20.000,0.000,14.000,0.000,0.000,0.000,2.000,5.000,0.000,0.000,3.000,0.000,0.000,6.000,1.000,0.000,0.000,0.000
1763583,SaltCreek_020m_20171106_T3.JPG,Confirmed,100,0.000,0.000,0.000,0.000,7.000,0.000,0.000,0.000,0.000,0.000,0.000,0.000,0.000,0.000,0.000,0.000,0.000,0.000,0.000,0.000,0.000,2.000,0.000,1.000,0.000,0.000,0.000,0.000,0.000,0.000,0.000,0.000,0.000,0.000,0.000,0.000,0.000,0.000,0.000,0.000,0.000,2.000,0.000,0.000,0.000,0.000,19.000,3.000,0.000,0.000,0.000,0.000,0.000,0.000,0.000,0.000,0.000,2.000,0.000,0.000,0.000,0.000,0.000,0.000,0.000,0.000,0.000,0.000,0.000,0.000,0.000,7.000,5.000,0.000,0.000,0.000,0.000,18.000,0.000,13.000,0.000,0.000,0.000,0.000,14.000,0.000,0.000,7.000,0.000,0.000,0.000,0.000,0.000,0.000,0.000
1763584,SaltCreek_025m_20171106_T3.JPG,Confirmed,100,0.000,0.000,0.000,0.000,4.000,0.000,0.000,0.000,0.000,0.000,0.000,0.000,0.000,0.000,0.000,0.000,0.000,0.000,0.000,0.000,0.000,4.000,0.000,1.000,0.000,0.000,0.000,0.000,0.000,0.000,0.000,0.000,0.000,0.000,0.000,0.000,0.000,0.000,0.000,0.000,0.000,0.000,0.000,0.000,0.000,0.000,0.000,1.000,0.000,0.000,0.000,0.000,2.000,0.000,0.000,0.000,0.000,0.000,0.000,0.000,0.000,0.000,0.000,0.000,0.000,0.000,0.000,0.000,0.000,0.000,0.000,16.000,8.000,0.000,10.000,2.000,0.000,4.000,0.000,13.000,0.000,0.000,0.000,2.000,18.000,0.000,0.000,8.000,0.000,0.000,7.000,0.000,0.000,0.000,0.000
1763585,SaltCreek_030m_20171106_T3.JPG,Confirmed,100,0.000,0.000,0.000,0.000,0.000,0.000,0.000,0.000,0.000,0.000,0.000,0.000,0.000,0.000,0.000,0.000,0.000,0.000,0.000,0.000,0.000,0.000,0.000,4.000,0.000,0.000,24.000,0.000,0.000,0.000,0.000,0.000,0.000,0.000,0.000,0.000,4.000,0.000,0.000,0.000,0.000,19.000,0.000,0.000,0.000,0.000,0.000,0.000,0.000,0.000,0.000,0.000,0.000,0.000,0.000,0.000,0.000,2.000,0.000,0.000,0.000,0.000,0.000,0.000,0.000,0.000,0.000,0.000,0.000,0.000,0.000,10.000,4.000,0.000,7.000,0.000,0.000,0.000,0.000,10.000,0.000,0.000,0.000,1.000,3.000,0.000,0.000,6.000,0.000,0.000,3.000,3.000,0.000,0.000,0.000
1763586,SaltCreek_035m_20171106_T3.JPG,Confirmed,100,0.000,0.000,0.000,0.000,4.000,1.000,0.000,0.000,0.000,0.000,0.000,0.000,0.000,0.000,0.000,0.000,0.000,0.000,0.000,0.000,0.000,1.000,0.000,2.000,0.000,0.000,0.000,0.000,0.000,0.000,0.000,0.000,0.000,0.000,0.000,0.000,0.000,0.000,0.000,0.000,0.000,0.000,0.000,0.000,0.000,0.000,0.000,0.000,0.000,0.000,0.000,0.000,3.000,0.000,0.000,0.000,0.000,1.000,0.000,0.000,0.000,0.000,0.000,0.000,0.000,0.000,0.000,0.000,0.000,0.000,0.000,5.000,3.000,0.000,2.000,0.000,0.000,1.000,0.000,38.000,0.000,0.000,0.000,0.000,2.000,0.000,0.000,12.000,0.000,0.000,3.000,22.000,0.000,0.000,0.000
1763587,SaltCreek_040m_20171106_T3.JPG,Confirmed,100,0.000,0.000,0.000,0.000,34.000,0.000,0.000,0.000,0.000,0.000,0.000,0.000,0.000,0.000,0.000,0.000,0.000,0.000,0.000,0.000,0.000,3.000,0.000,3.000,0.000,0.000,0.000,0.000,0.000,0.000,0.000,0.000,0.000,0.000,0.000,1.000,1.000,0.000,0.000,0.000,0.000,0.000,0.000,0.000,0.000,0.000,5.000,0.000,0.000,0.000,0.000,0.000,0.000,0.000,0.000,0.000,0.000,1.000,0.000,0.000,0.000,0.000,0.000,0.000,0.000,0.000,0.000,0.000,0.000,0.000,0.000,11.000,3.000,0.000,0.000,1.000,0.000,15.000,0.000,3.000,0.000,0.000,0.000,0.000,14.000,0.000,0.000,4.000,0.000,0.000,1.000,0.000,0.000,0.000,0.000
1763588,SaltCreek_045m_20171106_T3.JPG,Confirmed,100,0.000,0.000,0.000,0.000,0.000,0.000,0.000,0.000,0.000,0.000,0.000,0.000,0.000,0.000,0.000,0.000,0.000,0.000,0.000,0.000,0.000,0.000,0.000,0.000,0.000,0.000,0.000,0.000,0.000,0.000,0.000,0.000,0.000,0.000,0.000,2.000,0.000,0.000,0.000,0.000,0.000,0.000,0.000,0.000,0.000,0.000,0.000,0.000,0.000,0.000,0.000,0.000,39.000,0.000,0.000,0.000,0.000,0.000,0.000,0.000,0.000,0.000,0.000,0.000,0.000,0.000,0.000,0.000,0.000,0.000,0.000,3.000,0.000,0.000,0.000,0.000,0.000,0.000,0.000,26.000,0.000,0.000,0.000,0.000,3.000,0.000,0.000,7.000,1.000,0.000,4.000,15.000,0.000,0.000,0.000
1763589,SaltCreek_050m_20171106_T3.JPG,Confirmed,100,0.000,0.000,0.000,0.000,4.000,0.000,0.000,0.000,0.000,0.000,0.000,0.000,2.000,0.000,0.000,0.000,0.000,0.000,0.000,0.000,0.000,0.000,0.000,3.000,0.000,0.000,0.000,0.000,0.000,0.000,0.000,0.000,0.000,0.000,0.000,3.000,0.000,0.000,0.000,0.000,0.000,6.000,0.000,0.000,0.000,0.000,0.000,1.000,0.000,0.000,0.000,0.000,0.000,0.000,0.000,0.000,17.000,16.000,0.000,0.000,0.000,0.000,0.000,0.000,1.000,0.000,0.000,0.000,0.000,0.000,0.000,15.000,6.000,0.000,1.000,0.000,0.000,4.000,0.000,3.000,0.000,0.000,0.000,0.000,3.000,0.000,0.000,10.000,0.000,0.000,4.000,1.000,0.000,0.000,0.000
1763590,STRI_002m_20171108.JPG,Confirmed,100,0.000,0.000,0.000,0.000,0.000,0.000,0.000,0.000,0.000,0.000,0.000,0.000,0.000,0.000,0.000,0.000,0.000,0.000,0.000,0.000,0.000,2.000,0.000,0.000,0.000,0.000,0.000,0.000,0.000,0.000,0.000,0.000,0.000,0.000,0.000,1.000,1.000,0.000,0.000,0.000,0.000,0.000,0.000,7.000,0.000,0.000,0.000,0.000,0.000,0.000,0.000,0.000,86.000,0.000,0.000,2.000,0.000,0.000,0.000,1.000,0.000,0.000,0.000,0.000,0.000,0.000,0.000,0.000,0.000,0.000,0.000,0.000,0.000,0.000,0.000,0.000,0.000,0.000,0.000,0.000,0.000,0.000,0.000,0.000,0.000,0.000,0.000,0.000,0.000,0.000,0.000,0.000,0.000,0.000,0.000
1763591,STRI_004m_20171108_T3.JPG,Confirmed,100,0.000,0.000,0.000,0.000,7.000,0.000,0.000,0.000,0.000,0.000,0.000,0.000,0.000,0.000,0.000,0.000,0.000,0.000,0.000,0.000,0.000,0.000,0.000,0.000,0.000,0.000,0.000,0.000,0.000,0.000,0.000,0.000,0.000,0.000,0.000,0.000,3.000,0.000,0.000,0.000,0.000,0.000,0.000,3.000,3.000,0.000,0.000,1.000,0.000,0.000,1.000,0.000,70.000,0.000,0.000,6.000,0.000,0.000,0.000,0.000,0.000,0.000,0.000,1.000,0.000,0.000,0.000,0.000,0.000,0.000,0.000,0.000,0.000,0.000,0.000,0.000,0.000,0.000,0.000,0.000,0.000,0.000,0.000,0.000,0.000,0.000,0.000,4.000,0.000,0.000,0.000,1.000,0.000,0.000,0.000
1763592,STRI_010m_20171108_T3.JPG,Confirmed,100,0.000,0.000,0.000,0.000,0.000,0.000,0.000,0.000,0.000,0.000,0.000,0.000,0.000,0.000,0.000,0.000,0.000,0.000,0.000,0.000,0.000,0.000,0.000,0.000,0.000,0.000,0.000,0.000,0.000,0.000,0.000,0.000,0.000,0.000,0.000,3.000,24.000,0.000,0.000,0.000,0.000,0.000,0.000,0.000,0.000,0.000,0.000,0.000,0.000,0.000,0.000,0.000,0.000,0.000,0.000,18.000,0.000,5.000,0.000,0.000,0.000,0.000,0.000,0.000,0.000,1.000,0.000,0.000,0.000,0.000,0.000,2.000,0.000,0.000,4.000,1.000,0.000,0.000,0.000,0.000,0.000,0.000,0.000,0.000,2.000,0.000,0.000,40.000,0.000,0.000,0.000,0.000,0.000,0.000,0.000
1763593,STRI_016m_20171108_T3.JPG,Confirmed,100,0.000,0.000,0.000,0.000,4.000,0.000,0.000,0.000,0.000,0.000,0.000,0.000,0.000,0.000,0.000,0.000,0.000,0.000,0.000,0.000,0.000,0.000,0.000,0.000,0.000,0.000,0.000,0.000,0.000,0.000,2.000,0.000,0.000,0.000,0.000,1.000,11.000,0.000,0.000,0.000,0.000,0.000,0.000,8.000,0.000,0.000,0.000,0.000,0.000,3.000,0.000,0.000,66.000,0.000,0.000,1.000,0.000,1.000,0.000,1.000,0.000,0.000,0.000,0.000,0.000,0.000,0.000,0.000,0.000,0.000,0.000,0.000,0.000,0.000,0.000,0.000,0.000,0.000,0.000,0.000,0.000,0.000,0.000,0.000,0.000,0.000,0.000,1.000,0.000,0.000,0.000,1.000,0.000,0.000,0.000
1763594,STRI_022m_20171108_T3.JPG,Confirmed,100,0.000,0.000,0.000,0.000,9.000,0.000,0.000,0.000,0.000,0.000,0.000,0.000,0.000,0.000,0.000,0.000,0.000,0.000,0.000,0.000,0.000,0.000,0.000,0.000,0.000,0.000,0.000,0.000,0.000,0.000,0.000,0.000,0.000,0.000,0.000,1.000,60.000,0.000,0.000,0.000,0.000,0.000,0.000,0.000,0.000,0.000,0.000,2.000,0.000,0.000,0.000,0.000,4.000,0.000,0.000,5.000,0.000,5.000,0.000,0.000,0.000,0.000,0.000,0.000,0.000,0.000,0.000,0.000,0.000,0.000,0.000,0.000,0.000,0.000,1.000,6.000,0.000,0.000,0.000,0.000,0.000,0.000,0.000,0.000,0.000,0.000,0.000,6.000,0.000,0.000,0.000,1.000,0.000,0.000,0.000
1763595,STRI_026m_20171108_T3.JPG,Confirmed,100,0.000,0.000,0.000,0.000,0.000,4.000,0.000,0.000,0.000,0.000,0.000,0.000,0.000,0.000,0.000,0.000,0.000,0.000,0.000,0.000,0.000,0.000,0.000,0.000,0.000,0.000,0.000,0.000,0.000,0.000,0.000,0.000,0.000,0.000,0.000,0.000,16.000,0.000,0.000,0.000,0.000,0.000,0.000,0.000,0.000,0.000,0.000,4.000,0.000,0.000,0.000,0.000,40.000,0.000,0.000,23.000,0.000,3.000,0.000,1.000,0.000,0.000,0.000,0.000,0.000,0.000,0.000,0.000,0.000,0.000,0.000,0.000,0.000,0.000,0.000,3.000,0.000,0.000,0.000,0.000,0.000,0.000,0.000,0.000,0.000,0.000,0.000,2.000,0.000,0.000,0.000,4.000,0.000,0.000,0.000
1763596,STRI_028m_20171108_T3.JPG,Confirmed,100,0.000,0.000,0.000,0.000,1.000,0.000,0.000,0.000,0.000,0.000,0.000,0.000,0.000,0.000,0.000,0.000,0.000,0.000,0.000,0.000,0.000,0.000,0.000,0.000,0.000,0.000,0.000,0.000,0.000,0.000,0.000,0.000,0.000,0.000,0.000,5.000,6.000,0.000,0.000,0.000,0.000,0.000,0.000,7.000,0.000,0.000,0.000,1.000,0.000,0.000,0.000,0.000,34.000,0.000,0.000,20.000,0.000,14.000,0.000,6.000,0.000,0.000,0.000,0.000,3.000,0.000,0.000,0.000,0.000,0.000,0.000,0.000,0.000,0.000,0.000,1.000,0.000,0.000,0.000,0.000,0.000,0.000,0.000,0.000,1.000,0.000,0.000,0.000,0.000,0.000,0.000,0.000,0.000,1.000,0.000
1763597,STRI_032m_20171108_T3.JPG,Confirmed,100,0.000,0.000,0.000,0.000,0.000,0.000,0.000,0.000,0.000,0.000,0.000,0.000,0.000,0.000,0.000,0.000,0.000,0.000,0.000,0.000,0.000,0.000,0.000,0.000,0.000,0.000,0.000,0.000,0.000,0.000,0.000,0.000,0.000,0.000,0.000,0.000,9.000,0.000,0.000,0.000,0.000,0.000,0.000,0.000,0.000,0.000,0.000,2.000,0.000,0.000,0.000,0.000,1.000,0.000,0.000,58.000,0.000,9.000,0.000,0.000,0.000,0.000,0.000,0.000,2.000,0.000,0.000,0.000,0.000,0.000,1.000,0.000,0.000,0.000,0.000,8.000,0.000,0.000,0.000,0.000,0.000,0.000,0.000,0.000,8.000,0.000,0.000,2.000,0.000,0.000,0.000,0.000,0.000,0.000,0.000
1763598,STRI_034m_20171108_T3.JPG,Confirmed,100,0.000,0.000,0.000,0.000,1.000,0.000,0.000,0.000,0.000,0.000,0.000,0.000,0.000,0.000,0.000,0.000,0.000,0.000,0.000,0.000,0.000,0.000,0.000,0.000,0.000,0.000,0.000,0.000,0.000,0.000,1.000,0.000,0.000,0.000,0.000,6.000,10.000,0.000,0.000,0.000,0.000,0.000,0.000,7.000,0.000,0.000,0.000,5.000,0.000,4.000,0.000,0.000,6.000,0.000,0.000,36.000,0.000,7.000,0.000,0.000,0.000,0.000,0.000,0.000,1.000,0.000,0.000,0.000,0.000,0.000,3.000,1.000,0.000,0.000,0.000,9.000,0.000,0.000,0.000,0.000,0.000,0.000,0.000,0.000,2.000,0.000,0.000,1.000,0.000,0.000,0.000,0.000,0.000,0.000,0.000
1763599,STRI_040m_20171108_T3.JPG,Confirmed,100,0.000,0.000,0.000,0.000,0.000,0.000,0.000,0.000,0.000,0.000,0.000,0.000,0.000,0.000,0.000,0.000,0.000,0.000,0.000,0.000,0.000,0.000,0.000,0.000,0.000,0.000,0.000,0.000,0.000,0.000,1.000,0.000,0.000,0.000,1.000,1.000,7.000,0.000,0.000,0.000,0.000,0.000,0.000,21.000,0.000,0.000,0.000,7.000,0.000,0.000,1.000,0.000,35.000,0.000,0.000,12.000,0.000,7.000,0.000,1.000,0.000,0.000,0.000,0.000,2.000,0.000,0.000,0.000,0.000,0.000,0.000,0.000,0.000,0.000,0.000,3.000,0.000,0.000,0.000,0.000,0.000,0.000,0.000,0.000,0.000,0.000,0.000,0.000,0.000,0.000,0.000,1.000,0.000,0.000,0.000
ALL IMAGES,,,,0.000,0.561,0.000,0.000,3.079,0.237,0.000,0.000,0.007,0.000,0.000,0.043,0.410,0.007,0.000,0.000,0.007,0.000,0.000,0.115,0.669,0.662,0.000,5.547,0.000,0.000,0.216,0.000,0.000,0.000,0.388,0.014,0.065,0.000,0.245,1.122,3.813,0.043,0.007,1.655,0.137,0.691,0.345,3.050,0.137,0.748,0.576,3.835,0.201,0.439,0.324,4.086,24.158,0.086,0.000,1.813,0.770,7.532,0.007,0.525,0.007,0.000,0.036,0.065,0.338,0.036,0.000,0.000,0.000,0.007,0.036,3.367,1.806,0.000,1.295,1.468,0.000,1.259,0.000,5.878,0.036,0.000,0.000,0.180,3.806,0.000,0.065,4.302,0.014,0.058,2.619,4.878,0.000,0.072,0.000
